flashcard_id,stack_id,frontside,backside,learning_status
1,315,Kenya Clover,Trifolium semipilosum Fresen.,1
2,136,Anderson's Brachymenium Moss,Brachymenium andersonii H.A. Crum,2
3,39,Narrow-leaved Iceplant,Conicosia N.R. Br.,3
4,235,Seaside Mahoe,Hibiscus pernambucensis Arruda,4
5,299,Gander's Buckhorn Cholla,Cylindropuntia ganderi (C.B. Wolf) J. Rebman,5
6,317,Gopher Apple,Licania michauxii Prance,6
7,979,Neofuscelia Lichen,Neofuscelia pustulosa (Essl.) Essl.,7
8,341,Cunila,Cunila D. Royen ex L.,8
9,428,Nevada Peavine,Labordia waiolani Wawra,9
10,427,Cardinal Beardtongue,Penstemon cardinalis Wooton & Standl.,10
11,668,Lobelia,Lobelia L.,11
12,98,Green Beebalm,Monarda viridissima Correll,12
13,596,Horsebrush,Tetradymia DC.,13
14,469,Cobb Mountain Lupine,Lupinus sericatus Kellogg,14
15,915,Cartilage Lichen,Ramalina polymorpha (Lilj.) Ach.,15
16,165,Bupleurum,Bupleurum L.,16
17,895,Western Pansy,Viola beckwithii Torr. & A. Gray ssp. glabrata M.S. Baker,17
18,842,Mountain Blue Penstemon,Penstemon laetus A. Gray ssp. leptosepalus (Greene ex A. Gray) D.D. Keck,18
19,257,Cape Aloe,Aloe ferox Mill.,19
20,958,Slenderlobe Bundleflower,Desmanthus leptolobus Torr. & A. Gray,20
21,485,Leathery Polypody,Polypodium scouleri Hook. & Grev.,21
22,350,Piedmont Breadroot,"Pediomelum piedmontanum J.R. Allison, M.W. Morris & A.N. Egan",22
23,623,Birdcherry,Eugenia monticola (Sw.) DC.,23
24,241,Santa Cruz Island Manzanita,Arctostaphylos tomentosa (Pursh) Lindl. ssp. subcordata (Eastw.) P.V. Wells,24
25,78,Salacca,Salacca Reinw.,25
26,261,Sears' Goatgrass,Aegilops searsii M. Feldman & M. Kislev,26
27,675,Gorge Fleabane,Erigeron oreganus A. Gray,27
28,166,Fort Bowie Prairie Clover,Dalea brachystachya A. Gray,28
29,226,Dwarf Wakerobin,Trillium pusillum Michx. var. pusillum,29
30,971,Dogtooth Violet,Erythronium americanum Ker Gawl. ssp. harperi (W. Wolf) Parks & Hardin,30
31,550,Crispleaf Buckwheat,Eriogonum corymbosum Benth. var. glutinosum (M.E. Jones) M.E. Jones,31
32,705,Finebranched Popcornflower,Plagiobothrys leptocladus (Greene) I.M. Johnst.,32
33,515,Western Azalea,Rhododendron occidentale (Torr. & A. Gray) A. Gray,33
34,150,Echeveria,Echeveria DC.,34
35,930,Golden Insideout Flower,Vancouveria chrysantha Greene,35
36,961,Rothrock's Crownbeard,Verbesina rothrockii B.L. Rob. & Greenm.,36
37,126,Desert Poa,Poa maniototo Petrie,37
38,901,Sedge,Carex ×subviridula Fernald,38
39,913,Dwarf Mock Orange,Philadelphus pumilus Rydb.,39
40,897,Oahu Cowpea,Vigna owahuensis Vogel,40
41,919,Hybrid Pitcherplant,Sarracenia ×bellii Mellich.,41
42,859,California Larkspur,Delphinium californicum Torr. & A. Gray ssp. interius (Eastw.) Ewan,42
43,900,Pili Nut,Canarium ovatum Engl.,43
44,11,Ralm,Neuburgia celebica (Koord.) Leenh.,44
45,736,Strigula Lichen,Strigula Fr.,45
46,562,Leiberg's Bluegrass,Poa leibergii Scribn.,46
47,250,Hoary Mock Orange,Philadelphus pubescens Loisel.,47
48,564,Spleen Amaranth,Amaranthus dubius Mart. ex Thell.,48
49,977,Spotted Hawkweed,Hieracium maculatum Sm.,49
50,30,Showy Penstemon,Penstemon spectabilis Thurb. ex A. Gray,50
51,975,Broadleaf Hawthorn,Crataegus dilatata Sarg.,51
52,466,Furrowed Wakerobin,Trillium sulcatum Patrick,52
53,33,Cup Lichen,Cladonia humilis (With.) J.R. Laundon,53
54,584,Santa Cruz Gooseberry,Ribes thacherianum (Jeps.) Munz,54
55,159,Bluntlobe Cyanea,Cyanea obtusa (A. Gray) Hillebr.,55
56,177,Mexican Orange,Choisya dumosa (Torr.) A. Gray,56
57,701,Phaeographis,Phaeographis sericea (Eschw.) Müll. Arg.,57
58,271,Autumn Coralroot,Corallorhiza odontorhiza (Willd.) Poir.,58
59,103,Ceratotheca,Ceratotheca Endl.,59
60,183,Sulphur Clover,Trifolium ochroleucum Huds.,60
61,844,Ahart's Nailwort,Paronychia ahartii Ertter,61
62,804,Cusick's Bluegrass,Poa cusickii Vasey ssp. cusickii,62
63,464,California Adderstongue,Ophioglossum californicum Prantl,63
64,596,Taxiphyllum Moss,Taxiphyllum alternans (Cardot) Z. Iwats.,64
65,77,Broadleaf Signalgrass,Urochloa platyphylla (Munro ex C. Wright) R.D. Webster,65
66,350,Black River Beardtongue,Penstemon putus A. Nelson,66
67,90,Saskatoon Serviceberry,Amelanchier alnifolia (Nutt.) Nutt. ex M. Roem. var. alnifolia,67
68,612,Rim Lichen,Lecanora piniperda Körb.,68
69,733,Lemmon's Brickellbush,Brickellia lemmonii A. Gray,69
70,393,Sierra Horkelia,Horkelia congesta Douglas ex Hook. ssp. congesta,70
71,262,Pyramid Moss,Pyramidula Brid.,71
72,459,Mt. Kahili Beggarticks,Bidens valida Sherff,72
73,444,Ullucus,Ullucus Loz.,73
74,355,Pale Lobelia,Lobelia appendiculata A. DC.,74
75,487,Thicket Bean,"Phaseolus polystachios (L.) Britton, Sterns & Poggenb.",75
76,673,Scarlet Bottlebrush,Callistemon rugulosus (D.F.K. Schltdl. ex Link) DC.,76
77,688,Alabama Milkvine,Matelea alabamensis (Vail) Woodson,77
78,560,Twining Screwstem,Bartonia paniculata (Michx.) Muhl. ssp. paniculata,78
79,188,Whorled Clustervine,Jacquemontia verticillata (L.) Urb.,79
80,864,Tropical Dropseed,Sporobolus tenuissimus (Mart. ex Schrank) Kuntze,80
81,300,Giant Arrowhead,Sagittaria montevidensis Cham. & Schltdl.,81
82,652,Farnoldia Lichen,Farnoldia micropsis (A. Massal.) Hertel,82
83,802,Upland Boneset,Eupatorium sessilifolium L. var. brittonianum Porter,83
84,406,Red Silk Cottontree,Bombax ceiba L.,84
85,599,Limprichtia Moss,Limprichtia revolvens (Sw.) Loeske,85
86,259,Butterbur,Petasites Mill.,86
87,782,Spotted Joe Pye Weed,Eutrochium maculatum (L.) E.E. Lamont var. foliosum (Fernald) E.E. Lamont,87
88,694,Featherleaf Kittentails,Synthyris pinnatifida S. Watson,88
89,711,Smallhead Cat's Ear,Hypochaeris microcephala (Sch. Bip.) Cabrera var. microcephala (Sch. Bip.) Cabrera [excluded],89
90,171,Star Magnolia,Magnolia stellata (Siebold & Zucc.) Maxim.,90
91,722,Rigid Sedge,Carex tetanica Schkuhr,91
92,42,Intermountain Indian Breadroot,Pediomelum megalanthum (Wooton & Standl.) Rydb. var. epipsilum (Barneby) J. Grimes,92
93,674,False Rosinweed,Osmadenia tenella Nutt.,93
94,126,Gordon's Bladderpod,Lesquerella gordonii (A. Gray) S. Watson var. densifolia Rollins,94
95,272,Morrow's Honeysuckle,Lonicera morrowii A. Gray,95
96,583,Bladder Campion,Silene latifolia Poir.,96
97,228,Silver Cock's Comb,Celosia argentea L.,97
98,908,Temblor Range Clarkia,Clarkia tembloriensis Vasek,98
99,753,Fabronia Moss,Fabronia ciliaris (Brid.) Brid.,99
100,145,Small Whorled Pogonia,Isotria medeoloides (Pursh) Raf.,100
101,631,Early Water Grass,Echinochloa oryzoides (Ard.) Fritsch,101
102,199,Braun's Rockcress,Arabis perstellata E.L. Braun,102
103,290,Peltula Lichen,Peltula omphaliza (Nyl.) Wetmore,103
104,210,New England Sedge,Carex novae-angliae Schwein.,104
105,700,Southern Mule-ears,Agnorhiza ovata (Torr. & A. Gray ex Torr.) W.A. Weber,105
106,666,Lapalapa,Cheirodendron platyphyllum (Hook. & Arn.) Seem. ssp. kauaiense (Krajina) Lowry,106
107,244,American Bird's-foot Trefoil,Lotus unifoliolatus (Hook.) Benth.,107
108,595,Veiny Monardella,Monardella douglasii Benth. ssp. venosa (Torr.) Jokerst,108
109,868,Lagotis,Lagotis Gaertn.,109
110,111,Santa Lucia Suncup,Camissonia luciae P.H. Raven,110
111,159,Margined Buttercup,Ranunculus marginatus d'Urv. var. marginatus d'Urv. [excluded],111
112,269,Yam,Dioscorea macrostachya Benth.,112
113,639,Sampson's Snakeroot,Orbexilum pedunculatum (Mill.) Rydb. var. psoralioides (Walter) Isely,113
114,602,New York Dewberry,Rubus obsessus L.H. Bailey,114
115,279,Dwarf Desert Honeysuckle,Anisacanthus puberulus (Torr.) Henrickson & Lott,115
116,318,Saddle Mountain Saxifrage,Saxifraga hitchcockiana Elvander,116
117,190,Largeleaf Maidenhair,Adiantum macrophyllum Sw.,117
118,784,Day Valley Desertparsley,Lomatium minus (Rose ex Howell) Mathias & Constance,118
119,720,Golden Insideout Flower,Vancouveria chrysantha Greene,119
120,877,Caruzo,Ichnanthus pallens (Sw.) Munro ex Benth. var. pallens,120
121,303,'awikiwiki,Canavalia galeata (Gaudich.) Vogel,121
122,562,Mitchella,Mitchella L.,122
123,92,Grand Fringed Gentian,Gentianopsis macrantha (D. Don ex G. Don) Iltis,123
124,333,Silver Wattle,Acacia dealbata Link,124
125,993,Dot Lichen,Micarea lignaria (Ach.) Hedl.,125
126,650,Rock Clubmoss,Huperzia porophila (Lloyd & Underw.) Holub,126
127,544,Sawtooth Sandmat,Chamaesyce serrula (Engelm.) Wooton & Standl.,127
128,131,Licorice Weed,Scoparia L.,128
129,379,Cardot's Pohlia Moss,Pohlia cardotii (Renauld) Broth.,129
130,481,Snow Dwarf-primrose,Douglasia nivalis Lindl. var. dentata (S. Watson) A. Gray,130
131,941,Swamp-oak,Casuarina obesa Miq.,131
132,854,Point Reyes Ceanothus,Ceanothus gloriosus J.T. Howell,132
133,118,Kaulfuss' Spleenwort,Asplenium kaulfussii Schltdl.,133
134,312,Brachymenium Moss,Brachymenium systylium (Müll. Hal.) A. Jaeger,134
135,909,Alabama Maiden Fern,Thelypteris pilosa (M. Martens & Galeotti) Crawford var. alabamensis Crawford,135
136,186,Koolau Range Beggarticks,Bidens asymmetrica (Levl.) Sherff,136
137,33,Dovefoot Geranium,Geranium molle L.,137
138,489,Tufted Townsend Daisy,Townsendia scapigera D.C. Eaton,138
139,244,Eggyolk Lichen,Candelariella plumbea Poelt & Vezda,139
140,849,Daisy Bush,Olearia cheesmanii Cockayne & Allan,140
141,803,Wavy Scaly Cloakfern,Astrolepis sinuata (Lag. ex Sw.) Benham & Windham ssp. sinuata,141
142,501,Xanthoparmelia Lichen,Xanthoparmelia monticola (J.P. Dey) Hale,142
143,129,Mt. Eddy Buckwheat,Eriogonum umbellatum Torr. var. humistratum Reveal,143
144,779,Henry's Spiderlily,Hymenocallis henryae Traub,144
145,955,Soot Lichen,Cyphelium pinicola Tibell,145
146,496,Johnny-jump-up,Viola pedunculata Torr. & A. Gray ssp. pedunculata,146
147,75,Plateau Catchfly,Silene petersonii Maguire var. petersonii,147
148,840,Harp Dandelion,Taraxacum lyratum (Ledeb.) DC.,148
149,154,Sedge,Carex ×mirata Dewey (pro sp.),149
150,900,Tropical Bloodleaf,Iresine argentata (Mart.) D. Dietr.,150
151,180,Fragrant Premna,Premna odorata Blanco,151
152,637,Cornflag,Gladiolus communis L. ssp. communis,152
153,843,Applegate's Rim Lichen,Lecanora applegatei Herre,153
154,780,Szatala's Crabseye Lichen,Ochrolechia szatalaensis Verseghy,154
155,624,Splashzone Moss,Scouleria Hook.,155
156,429,Yellowturbans,Eriogonum pusillum Torr. & A. Gray,156
157,224,Pseudostellaria,Pseudostellaria Pax,157
158,851,San Diego Pepperweed,Lepidium latipes Hook. var. latipes,158
159,817,Goldencarpet Buckwheat,Eriogonum luteolum Greene,159
160,534,Western Poison Ivy,Toxicodendron rydbergii (Small ex Rydb.) Greene,160
161,41,Puerto Rico Copperleaf,Acalypha portoricensis Müll. Arg.,161
162,911,Plumegrass,Dichelachne Endl.,162
163,840,Mucronate Sprangletop,Leptochloa panicea (Retz.) Ohwi,163
164,716,Texan Candyleaf,Stevia ovata Willd. var. texana Grashoff,164
165,890,Fragrant Wandflower,Sparaxis fragrans (Jacq.) Ker Gawl.,165
166,22,Alaskan Bluegrass,Poa hartzii Gandog. ssp. alaskana Soreng,166
167,488,Fremont County Rockcress,Arabis pusilla Rollins,167
168,606,Ixeris,Ixeris (Cass.) Cass.,168
169,417,White Frasera,Frasera montana Mulford,169
170,710,Texas Heliotrope,Heliotropium texanum I.M. Johnst.,170
171,344,Stevens' Panicgrass,Panicum stevensianum Hitchc. & Chase,171
172,629,Obedient Plant,Physostegia virginiana (L.) Benth.,172
173,88,Victorin's Manzanita,Arctostaphylos ×victorinii Rolland-Germain,173
174,824,Bolander's Quillwort,Isoetes bolanderi Engelm.,174
175,342,Corticifraga Lichen,Corticifraga D. Hawksw. & R. Sant.,175
176,350,Mycomicrothelia Lichen,Mycomicrothelia inaequalis (Fabre) D. Hawksw.,176
177,447,Elegant Cinquefoil,Potentilla concinna Richardson var. concinna,177
178,131,Greenhead Rush,Juncus chlorocephalus Engelm.,178
179,15,Andean Senna,Senna monozyx (Irwin & Barneby) Irwin & Barneby,179
180,676,Plains Milkvetch,Astragalus gilviflorus Sheldon var. gilviflorus,180
181,780,Clark Valley Larkspur,Delphinium geraniifolium Rydb.,181
182,490,Bog Dubautia,Dubautia imbricata H. St. John & G.D. Carr ssp. imbricata,182
183,430,Krug's Darlingplum,Reynosia krugii Urb.,183
184,926,Texas Vervain,Verbena halei Small,184
185,529,Pallas' Wallflower,Erysimum pallasii (Pursh) Fernald var. bracteosum G. Rossb.,185
186,680,Allenrolfea,Allenrolfea Kuntze,186
187,488,Roundleaf Phacelia,Phacelia rotundifolia Torr. ex S. Watson,187
188,446,Hornwort,Anthoxanthum L.,188
189,273,California Barberry,Mahonia pinnata (Lag.) Fedde ssp. pinnata,189
190,845,Parashant Woodyaster,Xylorhiza tortifolia (Torr. & A. Gray) Greene var. parashantensis N.D. Atwood & S.L. Welsh,190
191,641,Velvet Shrubverbena,Lantana velutina M. Martens & Galeotti,191
192,591,Small Spreading Pogonia,Cleistes bifaria (Fernald) Catling & Gregg,192
193,936,Holly,Ilex L.,193
194,638,Bonneville Shootingstar,Dodecatheon conjugens Greene ssp. viscidum (Piper) H.J. Thomp.,194
195,27,Ball's Willow,Salix ballii Dorn,195
196,502,Hillside Woodland-star,Lithophragma heterophyllum (Hook. & Arn.) Torr. & A. Gray,196
197,869,Spilonema Lichen,Spilonema Bornet,197
198,930,Greenland Northern Rockcress,Braya thorild-wulffii Ostenf.,198
199,660,Superb Terminalia,Terminalia superba Engl. & Diels,199
200,307,Horsebush,Peltophorum dubia (Spreng.) Taubert,200
201,476,Wideleaf Stegonia Moss,Stegonia latifolia (Schwägr.) Vent. ex Broth.,201
202,31,Polytrichum Moss,Polytrichum hyperboreum R. Br.,202
203,739,Desert Passionflower,Passiflora arida (Mast. & Rose) Killip,203
204,331,Royal Star Orchid,Encyclia isochila (Rchb. f.) D. Dod,204
205,105,Paulia Lichen,Paulia Fée,205
206,691,Coastal Red Indian Paintbrush,Castilleja hyetophila Pennell,206
207,327,Panama Tree,Sterculia apetala (Jacq.) Karst.,207
208,315,Shrubby Woodsorrel,Oxalis frutescens L. ssp. angustifolia (Kunth) Lourteig,208
209,685,Curly Dock,Rumex crispus L. ssp. crispus,209
210,781,Donner Lake Lupine,Lupinus sellulus Kellogg ssp. sellulus var. sellulus,210
211,862,Desert Beardtongue,Penstemon pseudospectabilis M.E. Jones ssp. pseudospectabilis,211
212,565,Rosepink Zephyrlily,Zephyranthes grandiflora Lindl.,212
213,384,Best's Hygrohypnum Moss,Hygrohypnum bestii (Renauld & Bryhn) Broth.,213
214,320,Greenstar Sedge,"Carex viridistellata Derieg, Reznicek, & Bruederle",214
215,612,Grand Junction Camissonia,Camissonia eastwoodiae (Munz) P.H. Raven,215
216,604,Fremont County Twinpod,Physaria saximontana Rollins var. saximontana,216
217,817,Meadow-rue,Thalictrum L.,217
218,873,Red Dock,Rumex bucephalophorus L.,218
219,273,Bejuco Prieto,Pristimera caribaea (Urb.) A.C. Sm.,219
220,992,Phaeocalicium Lichen,Phaeocalicium compressulum (Nyl. ex Szat.) A.F.W. Schmidt,220
221,550,Fringed Orchid,Platanthera ×bicolor (Raf.) Luer (pro sp.),221
222,473,Princess Of The Night,Selenicereus pteranthus (Link ex A. Dietr.) Britton & Rose,222
223,45,Columbian Stitchwort,Minuartia austromontana S.J. Wolf & Packer,223
224,670,Okeechobee Gourd,Cucurbita okeechobeensis (Small) L.H. Bailey,224
225,481,Thurber's Morning-glory,Ipomoea thurberi A. Gray,225
226,314,Common Twinpod,Physaria didymocarpa (Hook.) A. Gray var. lanata A. Nelson,226
227,122,Orange Lichen,Caloplaca litoricola Brodo,227
228,396,Isachne,Isachne confusa Ohwi,228
229,449,Broadkeel Milkvetch,Astragalus platytropis A. Gray,229
230,846,Pacific Aster,Symphyotrichum chilense (Nees) G.L. Nesom var. medium (Jeps.) G.L. Nesom,230
231,378,Anisetree,Illicium L.,231
232,984,Rocky Mountain Maple,Acer glabrum Torr.,232
233,419,Dinosaur Milkvetch,Astragalus saurinus Barneby,233
234,216,Little Sagebrush,Artemisia arbuscula Nutt. ssp. longicaulis Winward & McArthur,234
235,634,Phaeocalicium Lichen,Phaeocalicium A.F.W. Schmidt,235
236,450,Hairy Skullcap,Scutellaria elliptica Muhl. ex Spreng. var. elliptica,236
237,703,Arizona Wheatgrass,Elymus arizonicus (Scribn. & J.G. Sm.) Gould,237
238,297,Thicketwort,Oplonia microphylla (Lam.) Stearn,238
239,44,Canadian Lichinodium Lichen,Lichinodium canadense Henssen,239
240,564,Giant Brake,Pteris tripartita Sw.,240
241,208,Pitted Onion,Allium lacunosum S. Watson var. micranthum Eastw.,241
242,879,Saddle Mountain Saxifrage,Saxifraga hitchcockiana Elvander,242
243,936,Beck's Water-marigold,Bidens beckii Torr. ex Spreng.,243
244,683,Phanerophlebia,Phanerophlebia C. Presl,244
245,151,Northern Groundsel,Packera hyperborealis (Greenm.) Á. Löve & D. Löve,245
246,613,Roundleaf Thoroughwort,Eupatorium rotundifolium L. var. ovatum (Bigelow) Torr.,246
247,847,Arthothelium Lichen,Arthothelium macrothecum (Fée) A. Massal.,247
248,198,Lobb's Fiddleleaf,Nama lobbii A. Gray,248
249,671,Anemia Fern,Anemia Sw.,249
250,268,Melanelia Lichen,Melanelia exasperatula (Nyl.) Essl.,250
251,964,Slender Little Bluestem,Schizachyrium tenerum Nees,251
252,165,October Lady's Tresses,Spiranthes ovalis Lindl.,252
253,674,Showy Dewflower,Drosanthemum floribundum (Haw.) Schwant.,253
254,403,Christmas Fern,Polystichum acrostichoides (Michx.) Schott var. lonchitoides Brooks,254
255,666,Jones' Townsend Daisy,Townsendia jonesii (Beaman) Reveal,255
256,274,Niebla Lichen,Niebla homalea (Ach.) Rundel & Bowler,256
257,242,Calloose Grape,Vitis shuttleworthii House,257
258,588,Bald Cypress,Taxodium Rich.,258
259,95,Indian Rattlebox,Crotalaria assamica Benth.,259
260,800,Yuba Lupine,Lupinus purpurascens A. Heller,260
261,803,Bryum Moss,Bryum curvatum Kaur. & Arnell,261
262,885,Panicledleaf Ticktrefoil,Desmodium paniculatum (L.) DC.,262
263,483,Urban's Mimosa,Mimosa quadrivalvis L. var. urbaniana Barneby,263
264,250,Kurile Larch,Larix gmelinii (Rupr.) Rupr. var. japonica (Maxim. ex Regel) Pilg.,264
265,396,Glyphis Lichen,Glyphis cicatricosa Ach.,265
266,686,Texan Syrrhopodon Moss,Syrrhopodon texanus Sull.,266
267,467,Fineflower Gilia,Gilia leptantha Parish ssp. purpusii (Milliken) A.D. Grant & V.E. Grant,267
268,601,Lanceleaf Nightshade,Solanum lanceifolium Jacq.,268
269,306,Donner Woodrush,Luzula subcongesta (S. Watson) Jeps.,269
270,728,Divine Nightshade,Solanum nigrescens M. Martens & Galeotti,270
271,421,Mt. Diablo Cottonseed,Micropus amphibolus A. Gray,271
272,459,Creeping Golden Polypody,Phlebodium decumanum (Willd.) J. Sm.,272
273,917,Maritime Eyebright,Euphrasia tetraquetra (Brébiss.) Arrond.,273
274,745,Snub Pea,Lathyrus sulphureus W.H. Brewer ex A. Gray var. argillaceus Jeps.,274
275,939,Hawai'i Cheesewood,Pittosporum hawaiiense Hillebr.,275
276,543,Pinaleno Mountain Rubberweed,Hymenoxys ambigens (S.F. Blake) Bierner var. ambigens,276
277,850,Swiss Kidney Lichen,Nephroma helveticum Ach.,277
278,756,Shieldplant,Streptanthus tortuosus Kellogg var. optatus Jeps.,278
279,795,Cusick's Hawksbeard,Crepis bakeri Greene ssp. cusickii (Eastw.) Babc. & Stebbins,279
280,614,Monkshood,Aconitum lycoctonum L.,280
281,965,Wild Chives,Allium schoenoprasum L.,281
282,768,Fringed Brome,Bromus ciliatus L. var. ciliatus,282
283,349,Devilwood,Osmanthus Lour.,283
284,844,Lodgepole Pine,Pinus contorta Douglas ex Loudon var. latifolia Engelm. ex S. Watson,284
285,231,Paper Birch,Betula papyrifera Marshall var. papyrifera,285
286,993,Woodland Rush,Juncus subcaudatus (Engelm.) Coville & S.F. Blake,286
287,247,Ratany,Krameria L.,287
288,633,Treasureflower,Gazania linearis (Thunb.) Druce,288
289,187,Oahu Sedge,Carex wahuensis C.A. Mey. ssp. rubiginosa (R.W. Krauss) T. Koyama,289
290,142,Biennial Cinquefoil,Potentilla biennis Greene,290
291,607,Zephyrlily,Zephyranthes treatiae S. Watson,291
292,99,Desert Rose,Rosa stellata Wooton,292
293,992,American Beachgrass,Ammophila breviligulata Fernald,293
294,262,Western Spruce Dwarf Mistletoe,Arceuthobium microcarpum (Engelm.) Hawksw. & Wiens,294
295,938,Sidebells Wintergreen,Orthilia secunda (L.) House,295
296,875,Brewer's Rockcress,Arabis breweri S. Watson var. austiniae (Greene) Rollins,296
297,639,Desertgrass,Blepharidachne Hack.,297
298,128,Gairdner's Beardtongue,Penstemon gairdneri Hook. var. oreganus A. Gray,298
299,511,Pseudoleskea Moss,"Pseudoleskea incurvata (Hedw.) Loeske var. tenuiretis (Culm.) H.A. Crum, Steere & L.E. Anderson",299
300,73,Jesuit's Bark,Iva frutescens L. ssp. oraria (Bartlett) R.C. Jacks.,300
301,721,Mingled Beaksedge,Rhynchospora mixta Britton,301
302,600,Sawtooth Sandmat,Chamaesyce serrula (Engelm.) Wooton & Standl.,302
303,76,Chisos Mountain Buckwheat,Eriogonum hemipterum (Torr.) S. Stokes,303
304,359,Alabama Paraparmelia Lichen,Paraparmelia alabamensis (Hale & McCull.) Elix & J. Johnst.,304
305,410,Sticky Blue Eyed Mary,Collinsia rattanii A. Gray,305
306,831,California Desert-thorn,Lycium californicum Nutt. ex A. Gray var. californicum,306
307,50,Jelly Lichen,Collema ceraniscum Nyl.,307
308,328,Catalina Ironwood,Lyonothamnus floribundus A. Gray,308
309,964,Muttongrass,Poa fendleriana (Steud.) Vasey ssp. longiligula (Scribn. & T.A. Williams) Soreng,309
310,787,Grimmia Dry Rock Moss,Grimmia brevirostris R.S. Williams,310
311,350,Foothill Clover,Trifolium ciliolatum Benth.,311
312,460,Stiffleaf Penstemon,Penstemon aridus Rydb.,312
313,235,Ontario Goatsbeard,Tragopogon mirabilis Rouy,313
314,547,Eastern Poison Ivy,Toxicodendron radicans (L.) Kuntze ssp. verrucosum (Scheele) Gillis,314
315,887,Annual Clary,Salvia viridis L.,315
316,645,Hooker's Milkwort,Polygala hookeri Torr. & A. Gray,316
317,160,Miner's Lettuce,Claytonia perfoliata Donn ex Willd.,317
318,93,Looseflower Alpine Sedge,Carex rariflora (Wahlenb.) Sm.,318
319,642,Cyrtandra,Cyrtandra ×kipapaensis H. St. John & Storey (pro sp.),319
320,889,Oneflower Helianthella,Helianthella uniflora (Nutt.) Torr. & A. Gray var. uniflora,320
321,844,Lomagramma,Lomagramma J. Sm.,321
322,805,Inconspicuous Pea,Lathyrus inconspicuus L.,322
323,377,West Indian Sumac,Brunellia comocladiifolia Humb. & Bonpl.,323
324,288,Spring Phacelia,Phacelia verna Howell,324
325,618,Hybrid Hickory,Carya ×demareei Palmer,325
326,619,Narrowleaf Minerslettuce,Montia linearis (Douglas ex Hook.) Greene,326
327,404,Woolly Groundsel,Packera cana (Hook.) W.A. Weber & Á. Löve,327
328,759,Oak Creek Triteleia,Triteleia lemmoniae (S. Watson) Greene,328
329,746,Lesser Rattlesnake Plantain,Goodyera repens (L.) R. Br.,329
330,984,Guar,Cyamopsis tetragonoloba (L.) Taubert,330
331,64,Yellow Coralbells,Elmera racemosa (S. Watson) Rydb. var. racemosa,331
332,195,Sacajawea Bitter Root,Lewisia sacajaweana B.L. Wilson & E. Rey-Vizg.,332
333,141,Alligatorlily,Hymenocallis palmeri S. Watson,333
334,81,Hollyleaf Cherry,Prunus ilicifolia (Nutt. ex Hook. & Arn.) D. Dietr. ssp. lyonii (Eastw.) P.H. Raven,334
335,427,Bignonia,Bignonia L.,335
336,718,Reflexed Blazingstar,Mentzelia reflexa Coville,336
337,272,Pacific Reindeer Lichen,Cladina portentosa (Dufour) Follmann ssp. pacifica (Ahti) Ahti,337
338,45,Goatbush,Castela erecta Turp.,338
339,860,Basin Wildrye,Leymus cinereus (Scribn. & Merr.) Á. Löve,339
340,896,Intermountain Clover,Trifolium andinum Nutt.,340
341,279,Cinnamon Fern,Osmunda cinnamomea L. var. glandulosa Waters,341
342,311,Stellate Sedge,Carex albicans Willd. ex Spreng. var. australis (L.H. Bailey) J. Rettig,342
343,132,Macoun's False Bindweed,Calystegia macounii (Greene) Brummitt,343
344,889,Threeleaf Woodsorrel,Oxalis trilliifolia Hook.,344
345,403,Sand Sedge,Carex arenaria L.,345
346,772,Licorice Weed,Scoparia L.,346
347,974,Chaparral False Bindweed,Calystegia occidentalis (A. Gray) Brummitt ssp. occidentalis,347
348,944,Vahl's Box,Buxus vahlii Baill.,348
349,296,Rollins' Biscuitroot,Lomatium rollinsii Mathias & Constance,349
350,126,Tufted Yellow Woodsorrel,Oxalis priceae Small ssp. colorea (Small) Eiten,350
351,741,Slender Panicgrass,Ottochloa nodosa (Kunth) Dandy,351
352,537,Velvet Bean,Mucuna pruriens (L.) DC. var. utilis (Wall. ex Wight) Baker ex Burck,352
353,328,Ewan's Cinquefoil,Potentilla glandulosa Lindl. ssp. ewanii D.D. Keck,353
354,748,Chalice Lichen,Endocarpon lepidallum Nyl.,354
355,329,Puerto Rico Babyboot Orchid,Lepanthes veleziana Stimson var. retusicolumna Stimson,355
356,915,Huachuca Mountain Dwarf Mistletoe,Arceuthobium gillii Hawksw. & Wiens,356
357,393,Ulota Moss,Ulota obtusiuscula Müll. Hal. & Kindb.,357
358,230,Shortleaf Blazing Star,Liatris tenuifolia Nutt. var. quadriflora Chapm.,358
359,54,Torrey's Blazingstar,Mentzelia torreyi A. Gray,359
360,588,Margaranthus,Margaranthus Schltdl.,360
361,954,Eggleaf Rosette Grass,Dichanthelium ovale (Elliott) Gould & C.A. Clark,361
362,19,Thicket Globemallow,Sphaeralcea fendleri A. Gray ssp. albescens Kearney,362
363,45,Cinclidium Moss,Cinclidium Sw.,363
364,965,Variableleaf Flymallow,Cienfuegosia heterophylla (Vent.) Garcke,364
365,27,Elliott's Goldenrod,Solidago latissimifolia Mill.,365
366,205,Kolkwitzia,Kolkwitzia Graebn.,366
367,618,Tiny Orchid,Lepanthopsis melanantha (Rchb. f.) Ames,367
368,489,Bering Chickweed,Cerastium beeringianum Cham. & Schltdl.,368
369,562,Hassler's Noddingcaps,Triphora hassleriana (Cogn.) Schltr.,369
370,469,Cleveland's Lipfern,Cheilanthes clevelandii D.C. Eaton,370
371,228,Spike Lichen,Calicium leucochlorum Tuck.,371
372,1000,Hybrid Oak,Quercus ×megaleia Laughlin,372
373,363,Awalua Ridge Tetramolopium,Tetramolopium remyi (A. Gray) Hillebr.,373
374,745,Pink Plains Beardtongue,Penstemon ambiguus Torr. var. laevissimus (D.D. Keck) N.H. Holmgren,374
375,35,Gray Gum,Eucalyptus punctata DC.,375
376,602,Gulf Vervain,Verbena xutha Lehm.,376
377,960,City Goosefoot,Chenopodium urbicum L.,377
378,410,Sharpleaf Buttercup,Ranunculus acriformis A. Gray var. acriformis,378
379,792,Hawai'i Roughbush,Streblus pendulinus (Endl.) F. Muell.,379
380,730,Toothpetal Bog Orchid,Habenaria odontopetala Rchb. f.,380
381,616,African Bermudagrass,Cynodon nlemfuensis Vanderyst var. robustus W.D. Clayton & Harlan,381
382,314,Tall Thimbleweed,Anemone virginiana L. var. alba (Oakes) Alph. Wood,382
383,755,Purple Pricklypear,Opuntia macrocentra Engelm.,383
384,394,Shockley's Desert-thorn,Lycium shockleyi A. Gray,384
385,722,O'kennon's Hawthorn,Crataegus okennonii Phipps,385
386,279,Sicklekeel Lupine,Lupinus albicaulis Douglas var. albicaulis,386
387,775,Palo De Hierro,Ixora ferrea (Jacq.) Benth.,387
388,874,Trelease's Century Plant,Agave schottii Engelm. var. treleasei (Toumey) Kearney & Peebles,388
389,47,Ballhead Ipomopsis,Ipomopsis congesta (Hook.) V.E. Grant ssp. crebrifolia (Nutt.) Day,389
390,748,Peltate Tonguefern,Elaphoglossum peltatum (Sw.) Urb.,390
391,329,Moss Tufted Orchid,Jacquiniella teretifolia (Sw.) Britton & P. Wilson,391
392,478,Wheatgrass,Thinopyrum Á. Löve,392
393,728,Coconut Palm,Cocos L.,393
394,686,Giant Kokee Cyanea,Cyanea leptostegia A. Gray,394
395,556,Spike Trisetum,Trisetum spicatum (L.) K. Richt.,395
396,207,Asian Copperleaf,Acalypha australis L.,396
397,285,Sweet Four O'clock,Mirabilis longiflora L. var. wrightiana (A. Gray ex Britton & Kearney) Kearney & Peebles,397
398,706,Ulunahele,Cyrtandra kauaiensis Wawra,398
399,475,Manybristle Chinchweed,Pectis papposa Harv. & A. Gray var. papposa,399
400,896,African Dodder,Cuscuta cassytoides Nees ex Engelm.,400
401,325,Vetch,Vicia palaestina Boiss.,401
402,582,Irion County Buckwheat,Eriogonum nealleyi J.M. Coult.,402
403,213,Bull's Coraldrops,Besseya bullii (Eaton) Rydb.,403
404,751,Tree Poppy,Dendromecon rigida Benth. ssp. rigida,404
405,788,Climbing False Buckwheat,Polygonum scandens L.,405
406,1,Wright's False Threadleaf,Schkuhria anthemoidea (DC.) J.M. Coult. var. wrightii (A. Gray) Heiser,406
407,22,Creeping Tonguefern,Elaphoglossum aemulum (Kaulf.) Brack.,407
408,856,Woolly Prairie Clover,Dalea lanata Spreng.,408
409,811,Muilla,Muilla S. Watson ex Benth.,409
410,827,Davidson's Penstemon,Penstemon davidsonii Greene,410
411,800,Indian Manzanita,Arctostaphylos mewukka Merriam,411
412,786,Lancepod Draba,Draba lonchocarpa Rydb. var. vestita O.E. Schulz,412
413,996,Browne's Savory,Clinopodium brownei (Sw.) Kuntze,413
414,852,Stenocereus,Stenocereus (A. Berger) Riccob.,414
415,419,Maiden Blue Eyed Mary,Collinsia parviflora Lindl.,415
416,209,Keyflower,Dactylorhiza majalis (Rchb. f.) P.F. Hunt & Summerhayes ssp. praetermissa (Druce) D.M. Moore & Soó var. praetermissa,416
417,313,Manystem Sedge,Carex multicaulis L.H. Bailey,417
418,905,Alpine Clover,Trifolium dasyphyllum Torr. & A. Gray,418
419,105,Dutilly's Barley,×Elyhordeum dutillyanum Lepage,419
420,901,Grassland Croton,Croton dioicus Cav.,420
421,288,Arizona Bladderpod,Lesquerella arizonica S. Watson,421
422,31,Forkleaf Toothwort,Cardamine dissecta (Leavenworth) Al-Shehbaz,422
423,73,Needle Mountain Milkvetch,Astragalus eurylobus (Barneby) Barneby,423
424,417,Slender False Brome,Brachypodium sylvaticum (Huds.) P. Beauv.,424
425,833,Entirewing Bristle Fern,Trichomanes holopterum Kunze,425
426,13,Wart Lichen,Verrucaria tectorum (A. Massal.) Körb.,426
427,667,Wild Chives,Allium schoenoprasum L.,427
428,222,Large False Groundcherry,Leucophysalis grandiflora (Hook.) Rydb.,428
429,314,Zygodon Moss,Zygodon gracilis Wilson,429
430,541,Disc Lichen,Buellia nantiana de Lesd.,430
431,109,California Laurel,Umbellularia californica (Hook. & Arn.) Nutt. var. californica,431
432,725,Flaxleaf Monardella,Monardella linoides A. Gray ssp. linoides,432
433,168,Lesser California Rayless Fleabane,Erigeron reductus (Cronquist) G.L. Nesom var. angustatus (A. Gray) G.L. Nesom,433
434,38,Na'ena'e Pua Melemele,Dubautia laxa Hook. & Arn. ssp. pseudoplantaginea (Skottsb.) G.D. Carr,434
435,896,Enquist's Brazos-mint,Brazoria enquistii M.W. Turner,435
436,401,Douglas' Meadowfoam,Limnanthes douglasii R. Br. ssp. rosea (Hartw. ex Benth.) C.T. Mason,436
437,191,Tulip Poppy,Papaver glaucum Boiss. & Hausskn.,437
438,462,Oil Palm,Elaeis Jacq.,438
439,503,Dicranum Moss,Dicranum spadiceum J.E. Zetterst.,439
440,283,Yukon Groundsel,Tephroseris yukonensis (A.E. Porsild) Holub,440
441,563,Zigzag Iris,Iris brevicaulis Raf.,441
442,136,Siberian Sea Thrift,Armeria maritima (Mill.) Willd. ssp. sibirica (Turcz. ex Boiss.) Nyman,442
443,672,Swampmallow,Pavonia Cav.,443
444,7,Savannah False Pimpernel,Lindernia grandiflora Nutt.,444
445,73,Violet Milkvetch,Astragalus iodopetalus (Rydb.) Barneby,445
446,217,Mazus,Mazus Lour.,446
447,90,Woodfern,Dryopteris ×leedsii Wherry,447
448,654,Siberian Phlox,Phlox sibirica L.,448
449,158,Cushion Cryptantha,Cryptantha circumscissa (Hook. & Arn.) I.M. Johnst.,449
450,801,Waxy Mannagrass,Glyceria declinata Brébiss.,450
451,869,Southern Flax,Linum australe A. Heller var. australe,451
452,120,Marijuana,Cannabis sativa L. ssp. sativa var. sativa,452
453,128,Holm Sedge,Carex heteroneura W. Boott var. chalciolepis (T. Holm) F.J. Herm.,453
454,673,Basin Bellflower,Campanula reverchonii A. Gray,454
455,427,Manybranched Pepperweed,Lepidium ramosissimum A. Nelson var. ramosissimum,455
456,183,Livermore Nailwort,Paronychia monticola Cory,456
457,9,Pygmymelon,Psiguria Neck. ex Arn.,457
458,172,Annual Toothleaf,Stillingia spinulosa Torr.,458
459,5,Fabronia Moss,Fabronia ciliaris (Brid.) Brid. var. ciliaris,459
460,300,Roadside Toadflax,Linaria aeruginea (Gouan) Cav.,460
461,62,Wand Woollystar,Eriastrum virgatum (Benth.) H. Mason,461
462,490,Hoary Pincushionplant,Navarretia eriocephala H. Mason,462
463,245,Suksdorf's Spikerush,Eleocharis suksdorfiana P. Beauv.,463
464,781,Menzies' Burnet,Sanguisorba menziesii Rydb.,464
465,678,Hawai'i Holly,Ilex anomala Hook. & Arn.,465
466,987,Willdenow's Spikemoss,Selaginella willdenowii (Desv. ex Poir.) Baker,466
467,923,Subtropical Common Reed,Phragmites australis (Cav.) Trin. ex Steud. ssp. berlandieri (E. Fourn.) Saltonst. & Hauber,467
468,694,Flower Of Stone,Selaginella lepidophylla (Hook. & Grev.) Spring,468
469,433,Vahl's Fimbry,Fimbristylis vahlii (Lam.) Link,469
470,956,Wart Lichen,Pyrenula Ach.,470
471,361,Warner's Dodder,Cuscuta warneri Yunck.,471
472,536,Common Russet Grass,Loudetia simplex (Nees) C.E. Hubb.,472
473,107,Mucuna,Mucuna Adans.,473
474,247,Macoun's Hornwort,Anthoceros macounii M. Howe,474
475,960,Walker Pass Milkvetch,Astragalus ertterae Barneby & Shevock,475
476,67,Fringed Nutrush,Scleria ciliata Michx. var. glabra (Chapm.) Fairey,476
477,336,Mono Milkvetch,Astragalus monoensis Barneby,477
478,47,Pinelandcress,Warea Nutt.,478
479,564,Alpine Bluebells,Mertensia alpina (Torr.) G. Don,479
480,339,Marbleseed,Onosmodium Michx.,480
481,182,Auerodendron,Auerodendron Urb.,481
482,440,Lung Lichen,Lobaria pseudopulmonaria Gyel.,482
483,490,Littleleaf Bush Penstemon,Penstemon fruticosus (Pursh) Greene var. scouleri (Lindl.) Cronquist,483
484,860,Betonyleaf Noseburn,Tragia betonicifolia Nutt.,484
485,565,Simpson's Buckwheat,Eriogonum microthecum Nutt. var. simpsonii (Benth.) Reveal,485
486,583,Tundra Aster,Oreostemma alpigenum (Torr. & A. Gray) Greene,486
487,127,Tufted Airplant,Guzmania Ruiz & Pav.,487
488,273,Prairie Goldenrod,Oligoneuron album (Nutt.) G.L. Nesom,488
489,803,Yerba Mansa,Anemopsis californica (Nutt.) Hook. & Arn.,489
490,502,Clusterleaf,Terminalia sericea Burch. ex DC.,490
491,342,Naked Buckwheat,Eriogonum nudum Douglas ex Benth. var. auriculatum (Benth.) Tracy ex Jeps.,491
492,360,Trans-pecos Chickweed,Cerastium axillare Correll,492
493,785,King's Serpentweed,Tonestus kingii (D.C. Eaton) G.L. Nesom var. kingii,493
494,443,Oahu Flatsedge,Cyperus hypochlorus Hillebr. var. hypochlorus,494
495,288,Atlantic Goldenrod,Solidago arguta Aiton var. arguta,495
496,592,Pulvinate Euopsis Lichen,Euopsis pulvinata (Schaerer) Vain.,496
497,761,Gray's Milkvetch,Astragalus grayi Parry ex S. Watson,497
498,471,Sheathed Wildparsley,Musineon vaginatum Rydb.,498
499,158,Nyctaginia,Nyctaginia Choisy,499
500,53,Frightful Sedge,Carex molestiformis Reznicek & P. Rothr.,500
501,874,Depauperate Fleabane,Erigeron mancus Rydb.,501
502,439,Newberry's Twinpod,Physaria newberryi A. Gray var. yesicola R.C. Sivinski,502
503,858,Ditrichum Moss,Ditrichum zonatum (Brid.) Kindb.,503
504,359,Howell's Phacelia,Howellanthus (Constance) Walden & R. Patt.,504
505,905,Scribble Lichen,Opegrapha Ach.,505
506,598,Eaton's Aster,Symphyotrichum eatonii (A. Gray) G.L. Nesom,506
507,600,Panhandle Lily,Lilium iridollae Henry,507
508,214,Louisiana Rim Lichen,Lecanora louisianae de Lesd.,508
509,502,Golden Linanthus,Leptosiphon aureus (Nutt.) J.M. Porter & L.A. Johnson,509
510,968,Adoxa,Adoxa L.,510
511,818,Paddo Rockcress,Arabis lemmonii S. Watson var. paddoensis Rollins,511
512,171,Arawnig,Tabebuia capitata (Bureau & K. Schum.) Sandwith,512
513,306,Island Ceanothus,Ceanothus megacarpus Nutt. var. insularis (Eastw.) Munz,513
514,260,Coast Range Stonecrop,Sedum radiatum S. Watson,514
515,995,Diamondleaf Fern,Lophosoria quadripinnata (J.F. Gmel.) C. Chr.,515
516,551,Japanese Primrose,Primula japonica A. Gray,516
517,371,Ramensk's Sedge,Carex ramenskii Kom.,517
518,852,Barbasco,Lonchocarpus urucu Killip & A.C. Sm.,518
519,945,Hairy Leafcup,Smallanthus uvedalius (L.) Mack. ex Small,519
520,462,Pygmy Bluehearts,Buchnera pusilla Kunth,520
521,247,Hillman's Stinkweed,Cleomella hillmanii A. Nelson,521
522,76,Mustard,Euclidium W.T. Aiton,522
523,420,Blue Ridge Bittercress,Cardamine flagellifera O.E. Schulz var. hugeri (Small) Rollins,523
524,398,Perezia,Perezia multiflora (Humb. & Bonpl.) Less.,524
525,142,Woodrush Sedge,Carex luzulina Olney var. ablata (L.H. Bailey) F.J. Herm.,525
526,527,Thelocarpon Lichen,Thelocarpon epibolum Nyl. var. epithallinum (Leight. ex Nyl.) Salisb.,526
527,575,Blue Mountain Milkvetch,Astragalus reventus A. Gray,527
528,356,Sessilefruit Arrowhead,Sagittaria rigida Pursh,528
529,988,Rinodina Lichen,Rinodina endophragmia Lamb,529
530,749,Cutleaf Blazingstar,Mentzelia laciniata (Rydb.) J. Darl.,530
531,135,Mimusops,Mimusops L.,531
532,37,Cascades Strawberry,Fragaria cascadensis K.E. Hummer,532
533,64,Gray's Flatsedge,Cyperus grayi Torr.,533
534,738,Hana Forest Silversword,Argyroxiphium grayanum (Hillebr.) O. Deg.,534
535,585,Sulphur Lichen,Fulgensia A. Massal. & De Not.,535
536,714,Sandyplain Clustervine,Jacquemontia cayensis Britton,536
537,438,Hypotrachyna Lichen,Hypotrachyna thysanota (Kurok.) Hale,537
538,344,Sawtooth Sunflower,Helianthus grosseserratus M. Martens,538
539,544,Storm Saxifrage,Saxifraga tempestiva Elvander & Denton,539
540,342,Snowrose,Serissa Commerson ex A. Juss.,540
541,279,Dotted Lichen,Bacidia trachona (Ach.) Lettau,541
542,843,Redstem Ceanothus,Ceanothus sanguineus Pursh,542
543,851,Hepburn's Sedge,Carex nardina Fr. var. hepburnii (Boott) Kük.,543
544,862,Imberis Woodyaster,Xylorhiza tortifolia (Torr. & A. Gray) Greene var. imberbis (Cronquist) T.J. Watson,544
545,854,Cleftleaf Wildheliotrope,Phacelia crenulata Torr. ex S. Watson var. corrugata (A. Nelson) Brand,545
546,149,Claybank Beaksedge,Rhynchospora rugosa (Vahl) Gale,546
547,977,Florida Hammock Sandmat,Chamaesyce ophthalmica (Pers.) Burch,547
548,210,California Goldenbush,Ericameria ericoides (Less.) Jeps.,548
549,667,Nuttall's Toothwort,Cardamine nuttallii Greene var. gemmata (Greene) Rollins,549
550,890,Hellroot,Orobanche minor Sm.,550
551,309,Pyrrhospora Lichen,Pyrrhospora quernea (Dicks.) Körb.,551
552,631,Calico Aster,Symphyotrichum lateriflorum (L.) Á. Löve & D. Löve var. horizontale (Desf.) G.L. Nesom,552
553,111,Freckled Milkvetch,Astragalus lentiginosus Douglas ex Hook. var. palans (M.E. Jones) M.E. Jones,553
554,874,Brittled Gum,Eucalyptus mannifera Mudie ssp. maculosa (R.T. Baker) L.A.S. Johnson,554
555,379,Big Sacaton,Sporobolus wrightii Munro ex Scribn.,555
556,400,Schied's Snakeherb,Dyschoriste schiedeana (Nees) Kuntze,556
557,321,Moth Bean,Vigna aconitifolia (Jacq.) Marechal,557
558,637,Fuller's Teasel,Dipsacus fullonum L.,558
559,879,Florida Jointweed,Polygonella basiramia (Small) G.L. Nesom & V.M. Bates,559
560,429,Spoonleaf Buckwheat,Eriogonum spathulatum A. Gray,560
561,786,Sanddune Wallflower,Erysimum capitatum (Douglas ex Hook.) Greene,561
562,974,Haleakala Clermontia,Clermontia tuberculata Forbes,562
563,174,Ridged Pteralyxia,Pteralyxia macrocarpa (Hillebr.) K. Schum.,563
564,737,Kauai Fern,Vandenboschia tubiflora F.S. Wagner,564
565,629,Wart Lichen,Pyrenula leucostoma Ach.,565
566,619,Matting Rosette Grass,Dichanthelium meridionale (Ashe) Freckmann,566
567,808,Cloakfern,Astrolepis Benham & Windham,567
568,87,Eschweiler's Pyxine Lichen,Pyxine eschweileri (Tuck.) Vain.,568
569,372,Tipa,Tipuana tipu (Benth.) Kuntze,569
570,182,Cutgrass,Zizaniopsis Döll & Asch.,570
571,662,Red-flower Moort,Eucalyptus nutans F. Muell.,571
572,474,Hog Plum,Prunus umbellata Elliott,572
573,570,Skin Lichen,Leptogium dactylinum Tuck.,573
574,135,Dedecker's Clover,Trifolium dedeckerae J.M. Gillett,574
575,247,Hasse's Lecidea Lichen,Lecidea hassei Zahlbr.,575
576,947,Waxflower,Etlingera cevuga (Seem.) R.M. Sm.,576
577,745,St. Eustatius Threeawn,Aristida suringarii Henr.,577
578,298,Bastard Redwood,Chrysophyllum argenteum Jacq.,578
579,933,Muck Sunflower,Helianthus simulans E.E. Watson,579
580,773,Sleeping Combseed,Pectocarya penicillata (Hook. & Arn.) A. DC.,580
581,55,Algal Bulrush,Websteria confervoides (Poir.) S. Hooper,581
582,993,Chihuahuan Sedge,Carex chihuahuensis Mack.,582
583,599,Ginger-leaf Morning-glory,Ipomoea asarifolia (Desr.) Roem. & Schult.,583
584,652,Lambsquarters,Chenopodium album L.,584
585,987,Casia Amarilla,Senna spectabilis (DC.) Irwin & Barneby,585
586,145,Rinodina Lichen,Rinodina archaea (Ach.) Arnold,586
587,813,Dunkeld Larch,Larix ×marschlinsii Coaz,587
588,431,West Indian Spiderlily,Hymenocallis expansa (Herb.) Herb.,588
589,593,Hoary Blackfoot,Melampodium cinereum DC. var. cinereum,589
590,436,Crabseye Lichen,Ochrolechia rhodoleuca (Th. Fr.) Brodo,590
591,29,Nyctaginia,Nyctaginia Choisy,591
592,298,Great Basin Desert Buckwheat,Eriogonum desertorum (Maguire) R.J. Davis,592
593,211,Jepson Ceanothus,Ceanothus jepsonii Greene,593
594,373,Lung Lichen,Lobaria quercizans Michx.,594
595,393,Tough Bully,Sideroxylon tenax L.,595
596,813,Trelease's Hybrid Willowherb,Epilobium ×treleaseanum H. Lév.,596
597,412,Hybrid Hickory,Carya ×nussbaumeri Sarg.,597
598,808,Zarzabacoa De Monte,Desmodium axillare (Sw.) DC. var. axillare,598
599,549,Mojave Kingcup Cactus,Echinocereus mojavensis (Engelm. & J.M. Bigelow) Rümpler,599
600,120,San Nicolas Island Buckwheat,Eriogonum grande Greene var. timorum Reveal,600
601,959,American Alpine Speedwell,Veronica wormskjoldii Roem. & Schult.,601
602,62,Frederick's Festulolium,×Festulolium fredericii Cugnac & A. Camus,602
603,78,Felt Lichen,Peltigera rufescens (Weiss) Humb.,603
604,610,Matamoros Saltbush,Atriplex matamorensis A. Nelson,604
605,38,Hypotrachyna Lichen,Hypotrachyna prolongata (Kurok.) Hale,605
606,832,Granite Stonecrop,Sedum pusillum Michx.,606
607,996,Malheur Wirelettuce,Stephanomeria malheurensis Gottlieb,607
608,976,Variable Spleenwort,Asplenium varians Wall. ex Hook. & Grev.,608
609,863,Black Medick,Medicago lupulina L.,609
610,829,Maxon's Tonguefern,Elaphoglossum maxonii Underw. ex Morton,610
611,902,Hillside Gooseberry,Ribes californicum Hook. & Arn.,611
612,870,Roof's Manzanita,Arctostaphylos manzanita Parry ssp. roofii (Gankin) P.V. Wells,612
613,468,Rockmart Hawthorn,Crataegus valida Beadle,613
614,189,Earthsmoke,Fumaria vaillantii Loisel.,614
615,136,Aniba,Aniba Aubl.,615
616,743,Guadeloupe Cucumber,Melothria pendula L. var. crassifolia (Small) Cogn.,616
617,98,Mojave Yucca,Yucca schidigera Roezl ex Ortgies,617
618,141,Rio Grande Tickseed,Coreopsis nuecensoides E.B. Sm.,618
619,800,Tall Albizia,Albizia procera (Roxb.) Benth.,619
620,466,Ballhead Sandwort,Arenaria congesta Nutt. var. congesta,620
621,845,Juan Tomas,Rondeletia portoricensis Krug & Urb.,621
622,268,Showy Medinilla,Medinilla magnifica Lindl.,622
623,214,Pore Lichen,Pertusaria rhexostoma Nyl.,623
624,92,Pogonatum Moss,Pogonatum urnigerum (Hedw.) P. Beauv.,624
625,160,Bottle Gentian,Gentiana clausa Raf.,625
626,934,Saltmarsh Bird's-beak,Cordylanthus maritimus Nutt. ex Benth. ssp. canescens (A. Gray) T.I. Chuang & Heckard,626
627,228,Tuberous Springbeauty,Claytonia tuberosa Pall. ex Schult. var. czukczorum (Volkova) Hultén,627
628,749,Bushy Goldentop,Euthamia leptocephala (Torr. & A. Gray) Greene ex Porter & Britton,628
629,148,Mexican Flannelbush,Fremontodendron mexicanum Davidson,629
630,674,Hairy Ironwort,Sideritis lanata L.,630
631,773,Grassland Tarweed,Deinandra increscens (H.M. Hall ex D.D. Keck) B.G. Baldw. ssp. foliosa (Hoover) B.G. Baldw.,631
632,412,Coast Plantain,Plantago bigelovii A. Gray ssp. californica (Greene) Bassett,632
633,756,Coyol Palm,Acrocomia vinifera Oersted,633
634,747,Shield Lichen,Heterodermia diademata (Taylor) D.D. Awasthi,634
635,857,Arizona Pine,Pinus arizonica Engelm. var. stormiae Martínez,635
636,208,Dwarf False Pennyroyal,Hedeoma nana (Torr.) Briq.,636
637,496,Howeia,Howeia Becc.,637
638,71,San Luis Yellowcress,Rorippa coloradensis R. Stuckey,638
639,131,Polytrichum Moss,Polytrichum commune Hedw.,639
640,356,Smooth Small-leaf Ticktrefoil,Desmodium marilandicum (L.) DC.,640
641,473,Hoppner's Sedge,Carex subspathacea Wormsk. ex Hornem.,641
642,453,Rocky Mountain Goosefoot,Chenopodium salinum Standl.,642
643,73,Twotipped Sedge,Carex lachenalii Schkuhr,643
644,201,Jamaican Cherry Fig,Ficus americana Aubl.,644
645,542,Yerba De Clavo,Hydrocotyle hirsuta Sw.,645
646,853,Purple Wildrye,×Elyleymus aristatus (Merr.) Barkworth & D.R. Dewey,646
647,281,Crested Wheatgrass,Agropyron cristatum (L.) Gaertn. ssp. pectinatum (M. Bieb.) Tzvelev,647
648,670,Uinta Basin Hookless Cactus,Sclerocactus wetlandicus Hochstätter,648
649,766,Idaho Milkvetch,"Astragalus conjunctus S. Watson var. rickardii S.L. Welsh, K. Beck & F. Caplow",649
650,854,Rusby's Sedge,Carex vallicola Dewey var. rusbyi (Mack.) F.J. Herm.,650
651,947,Breutel's Notothylas,Notothylas breutelii (Gottsche) Gottsche,651
652,328,Funeral Mountain Milkvetch,Astragalus funereus M.E. Jones,652
653,456,Pseudostellaria,Pseudostellaria sierrae Rabeler & R.L. Hartm.,653
654,778,Lettuceleaf Saxifrage,Saxifraga micranthidifolia (Haw.) Steud.,654
655,744,Pinoche Creek Larkspur,Delphinium gypsophilum Ewan ssp. parviflorum F.H. Lewis & Epling,655
656,286,Alkali Cusickiella,Cusickiella douglasii (A. Gray) Rollins,656
657,531,Alaskan Douglasia,Douglasia alaskana (Coville & Standl. ex Hultén) S. Kelso,657
658,977,Castle Lake Bedstraw,Galium glabrescens (Ehrend.) Dempster & Ehrend. ssp. glabrescens,658
659,157,Chilean Clover,Trifolium macraei Hook. & Arn.,659
660,569,Desert Trumpet,Eriogonum inflatum Torr. & Frém. var. deflatum I.M. Johnst.,660
661,644,Carolina Rose,Rosa carolina L. var. setigera Crép.,661
662,171,Wright's Trumpets,Acleisanthes wrightii (A. Gray) Benth. & Hook. f. ex Hemsl.,662
663,980,Park Rockcress,Arabis fernaldiana Rollins var. fernaldiana,663
664,594,Crandall's Beardtongue,Penstemon crandallii A. Nelson ssp. procumbens (Greene) D.D. Keck,664
665,137,Jaeger's Joshua Tree,Yucca brevifolia Engelm. var. jaegeriana McKelvey,665
666,957,Gulf Sebastian-bush,Ditrysinia fruticosa (W. Bartram) Govaerts & Frodin,666
667,855,Zarzabacoa Galana,Desmodium adscendens (Sw.) DC.,667
668,730,Brome,Bromus L.,668
669,458,Woolly Willow,Salix calcicola Fernald & Wiegand,669
670,943,Hillebrandia,Hillebrandia Oliv.,670
671,176,Trans-pecos False Clapdaisy,Pseudoclappia arenaria Rydb.,671
672,800,Tortula Moss,Tortula laevipila (Brid.) Schwägr. var. meridionalis (Schimp.) Wijk & Margad.,672
673,145,Tiny Purslane,Portulaca minuta Correll,673
674,557,Oahu Cowpea,Vigna owahuensis Vogel,674
675,691,Smallflower False Foxglove,Agalinis paupercula (A. Gray) Britton var. paupercula,675
676,992,Sedge,Carex atrata L.,676
677,140,Twocolor Monkshood,Aconitum ×bicolor Schult. (pro sp.),677
678,294,Thread Rush,Juncus filiformis L.,678
679,799,Parish's Oxytheca,Oxytheca parishii Parry,679
680,900,Leggett's Pinweed,Lechea pulchella Raf. var. moniliformis (E.P. Bicknell) Seymour,680
681,421,Desert Indianbush,Psacalium decompositum (A. Gray) H. Rob. & Brettell,681
682,209,Largeflower Heartleaf,Hexastylis shuttleworthii (Britten & Baker f.) Small,682
683,432,Southwestern Needlegrass,Achnatherum eminens (Cav.) Barkworth,683
684,529,Field Locoweed,Oxytropis campestris (L.) DC. var. spicata Hook.,684
685,707,Virginia Pepperweed,Lepidium virginicum L. var. virginicum,685
686,380,Snake Canyon Milkvetch,Astragalus vallaris M.E. Jones,686
687,768,Oblongleaf Snakeherb,Dyschoriste oblongifolia (Michx.) Kuntze,687
688,426,Osmunda,Osmunda L.,688
689,949,Florida Balm,Dicerandra densiflora Benth.,689
690,985,Croft's Bluet,Houstonia croftiae Britton & Rusby,690
691,480,Christplant,Euphorbia milii Des Moul.,691
692,846,Pallas' Wallflower,Erysimum pallasii (Pursh) Fernald var. pallasii,692
693,477,Hairy Forked Nailwort,Paronychia fastigiata (Raf.) Fernald var. nuttallii (Small) Fernald,693
694,6,Bluet,Houstonia L.,694
695,457,Stickystem Penstemon,Penstemon glandulosus Douglas var. chelanensis (D.D. Keck) Cronquist,695
696,127,Texas Medusulina Lichen,Medusulina texana Müll. Arg.,696
697,453,Solorinella Lichen,Solorinella asteriscus Anzi,697
698,247,Bent Alligator-flag,Thalia geniculata L.,698
699,200,Bristlyleaf Rockcress,Arabis rectissima Greene var. simulans Rollins,699
700,680,Hoary Bowlesia,Bowlesia incana Ruiz & Pav.,700
701,971,Coastal Biscuitroot,Lomatium parvifolium (Hook. & Arn.) Jeps.,701
702,35,Fremont's Dalea,Psorothamnus fremontii (Torr. ex A. Gray) Barneby var. fremontii,702
703,795,Sarita Rosette Grass,Dichanthelium nodatum (Hitchc. & Chase) Gould,703
704,197,Havard's Century Plant,Agave havardiana Trel.,704
705,575,Goldenweed,"Nestotus R.P. Roberts, Urbatsch & Neubig",705
706,101,Orange Daisy,Erigeron aurantiacus Regel,706
707,271,Baby Blue Eyes,Nemophila Nutt.,707
708,681,Clamshell Orchid,Prosthechea cochleata (L.) W.E. Higgins var. cochleata,708
709,837,Beargrass,Nolina Michx.,709
710,118,Largeleaf Sandwort,Moehringia macrophylla (Hook.) Fenzl,710
711,412,Spotted Joe Pye Weed,Eutrochium maculatum (L.) E.E. Lamont,711
712,18,Canadian Lousewort,Pedicularis canadensis L. ssp. fluviatilis (A. Heller) W.A. Weber,712
713,328,Wrinkleseed Pygmyweed,Crassula saginoides (Maxim.) Bywater & Wickens,713
714,121,Imperfect Buckwheat,Eriogonum mancum Rydb.,714
715,437,Cindercone Isodendrion,Isodendrion hosakae H. St. John,715
716,223,Butterfly Orchid,Psychopsis papilio (Lindl.) H.G. Jones,716
717,882,Sea Spurge,Euphorbia paralias L.,717
718,182,Jio,Commelina benghalensis L.,718
719,242,Best's Hygrohypnum Moss,Hygrohypnum bestii (Renauld & Bryhn) Broth.,719
720,470,Pore Lichen,Pertusaria pruinifera Erichsen,720
721,363,Dwarf Palmetto,Sabal minor (Jacq.) Pers.,721
722,644,King Of The Meadow,Thalictrum pubescens Pursh,722
723,87,Columbian Yellowcress,Rorippa columbiae (Suksd. ex B.L. Rob.) Suksd. ex Howell,723
724,755,Rinodina Lichen,Rinodina constrictula H. Magn.,724
725,484,Bellflower Smartweed,Polygonum campanulatum Hook. f.,725
726,352,Fremont's Goosefoot,Chenopodium fremontii S. Watson var. fremontii,726
727,153,Idaho Milkvetch,Astragalus conjunctus S. Watson var. conjunctus,727
728,837,Glossy Maidenhair,Adiantum pulverulentum L.,728
729,351,Oval-leaf Knotweed,Polygonum arenastrum Jord. ex Boreau,729
730,932,Texas Selenia,Selenia dissecta Torr. & A. Gray,730
731,378,Ekaha,Elaphoglossum hirtum (Sw.) C. Chr. var. micans (Mett.) C. Chr.,731
732,468,Hester's Foxtail Cactus,Escobaria hesteri (Y. Wright) Buxbaum,732
733,572,Glory Of Texas,Thelocactus bicolor (Galeotti ex N.E. Pfeiffer) Britton & Rose,733
734,510,Skeletonweed,Pleiacanthus Rydb.,734
735,916,Groundplum Milkvetch,Astragalus crassicarpus Nutt. var. paysonii (E.H. Kelso) Barneby,735
736,26,Spathiphyllum,Spathiphyllum Schott,736
737,207,Protruding Buckwheat,Eriogonum nudum Douglas ex Benth. var. indictum (Jeps.) Reveal,737
738,195,False Sisal,Agave decipiens Baker,738
739,623,Cup Lichen,Cladonia gracilis (L.) Willd.,739
740,97,Devil's Blacksnakeroot,Sanicula saxatilis Greene,740
741,397,Lady Lupine,Lupinus villosus Willd.,741
742,222,Eastern Featherbells,Stenanthium gramineum (Ker Gawl.) Morong var. micranthum Fernald,742
743,908,Scholander's Beard Lichen,Usnea scholanderi Llano,743
744,887,Blunt Tansymustard,Descurainia obtusa (Greene) O.E. Schulz ssp. obtusa,744
745,337,Kiaerskov's Lidflower,Calyptranthes kiaerskovii Krug & Urb. [excluded],745
746,856,Lundell's Nailwort,Paronychia lundelliorum Turner,746
747,987,San Obispo Milkvetch,Astragalus didymocarpus Hook. & Arn. var. obispoensis (Rydb.) Jeps.,747
748,954,Bastardsage,Eriogonum wrightii Torr. ex Benth. var. subscaposum S. Watson,748
749,212,Lemon Lichen,Candelaria concolor (Dicks.) Stein var. effusa (Tuck.) G. Merr. & Burnham,749
750,709,Rothrock's Grama,Bouteloua rothrockii Vasey,750
751,739,Dry Land Woodfern,Dryopteris nuda Underw.,751
752,21,Douglas' Silverpuffs,Microseris douglasii (DC.) Sch. Bip. ssp. douglasii,752
753,154,Clokey's Milkvetch,Astragalus aequalis Clokey,753
754,536,Woodland Hogwood,Sagraea domingensis DC.,754
755,178,Dwarf False Pennyroyal,Hedeoma nana (Torr.) Briq. ssp. nana,755
756,455,Cracked Lichen,Acarospora peltastica Zahlbr.,756
757,429,Slender Centaury,Centaurium tenuiflorum (Hoffmanns. & Link) Fritsch,757
758,573,Phaulothamnus,Phaulothamnus A. Gray,758
759,893,Coues' Cassia,Senna covesii (A. Gray) Irwin & Barneby,759
760,896,Fayodia Lichen,Fayodia Kuhner,760
761,76,Western Daisy Fleabane,Erigeron bellidiastrum Nutt.,761
762,53,Giant Wakerobin,Trillium chloropetalum (Torr.) Howell,762
763,130,Thinfruit Sedge,Carex flaccosperma Dewey,763
764,614,Calicoplant,Alternanthera bettzichiana (Regel) Voss,764
765,232,Fir Clubmoss,Huperzia selago (L.) Bernh. ex Schrank & Mart. var. selago,765
766,666,Witch's Hair Lichen,Alectoria nigricans (Ach.) Nyl.,766
767,762,Santa Rita Mountain Aster,Symphyotrichum potosinum (A. Gray) G.L. Nesom,767
768,541,Puerto Rico Necklace Fern,Lindsaea portoricensis Desv.,768
769,350,Plée's Hogwood,Sagraea polystachya (Naud.) Triana,769
770,43,Tamujo,Flueggea tinctoria (L.) G.L. Webster,770
771,534,Woodland Stonecrop,Sedum ternatum Michx.,771
772,235,Labrador Buttercup,Ranunculus rhomboideus Goldie,772
773,78,Aphragmus,Aphragmus Andrz. ex DC.,773
774,650,Small White Violet,Viola macloskeyi Lloyd ssp. macloskeyi,774
775,260,Petiolate Beardtongue,Penstemon petiolatus Brandegee,775
776,933,Peirson's Milkvetch,Astragalus magdalenae Greene var. peirsonii (Munz & McBurney) Barneby,776
777,3,New Mexico Tansyaster,Psilactis asteroides A. Gray,777
778,859,Great Valley Phacelia,Phacelia ciliata Benth. var. opaca J.T. Howell,778
779,105,Stebbins' Tarweed,Harmonia stebbinsii (T.W. Nelson & J.P. Nelson) B.G. Baldw.,779
780,745,Donian Willow,Salix ×doniana Sm.,780
781,39,Yerba De Faja,Struchium sparganophorum (L.) Kuntze,781
782,408,Yerba Santa,Eriodictyon Benth.,782
783,662,Wand Buckwheat,Eriogonum roseum Durand & Hilg.,783
784,594,Cold-desert Phlox,Phlox stansburyi (Torr.) A. Heller,784
785,536,'ohi'a Lehua,Metrosideros polymorpha Gaudich. var. glaberrima (Levl.) H. St. John,785
786,976,Dirina Lichen,Dirina Fr.,786
787,423,Tarweed,Holocarpha Greene,787
788,564,Sulphur-flower Buckwheat,Eriogonum umbellatum Torr. var. hypoleium (Piper) C.L. Hitchc.,788
789,153,Sporopodium Lichen,Sporopodium Mont.,789
790,606,Alpine Mountainsorrel,Oxyria digyna (L.) Hill,790
791,200,Rincon Ridge Ceanothus,Ceanothus confusus J.T. Howell,791
792,301,Oahu Rollandia,"Cyanea humboldtiana (Gaudich.) Lammers, Givnish & Sytsma",792
793,704,Parry's Silene,Silene parryi (S. Watson) C.L. Hitchc. & Maguire,793
794,224,Earth Lichen,Catapyrenium acarosporoides (Zahlbr.) J.W. Thomson,794
795,125,Lanceleaf Tickseed,Coreopsis lanceolata L.,795
796,123,Greenland Fescue,Festuca groenlandica (Schol.) Fred.,796
797,815,Wand Buckwheat,Eriogonum roseum Durand & Hilg.,797
798,871,Springblossom,Jaborosa integrifolia Lam.,798
799,324,Purpleflower Pinkroot,Spigelia alabamensis (K. Gould) K.G. Mathews & Weakley,799
800,679,Cyrtandra,Cyrtandra ×malacophylla C.B. Clarke (pro sp.),800
801,727,Jacanillo,Wallenia Sw.,801
802,963,Bank Catclaw,Acacia redolens Maslin,802
803,357,Cup Lichen,Cladonia cervicornis (Ach.) Flotow,803
804,629,Rusby's Primrose,Primula rusbyi Greene,804
805,335,Prairie Thistle,Cirsium canescens Nutt.,805
806,472,Gerrard's Aristea,Aristea gerrardii Weim.,806
807,330,Arrowleaf Mallow,Malvella sagittifolia (A. Gray) Fryxell,807
808,507,Tansy,Tanacetum L.,808
809,521,Jelly Lichen,Collema nigrescens (Huds.) DC.,809
810,597,Sharp-tooth Clover,Trifolium argutum Banks & Sol.,810
811,8,Mexican Blazingstar,Mentzelia mexicana H.J. Thomp. & Zavort.,811
812,114,Barnyardgrass,Echinochloa crus-galli (L.) P. Beauv.,812
813,509,False Brittlegrass,Dissochondrus (Hillebr.) Kuntze,813
814,173,Palmer's Catchfly,Silene bernardina S. Watson ssp. maguirei Bocquet var. rigidula (B.L. Rob.) Tiehm,814
815,129,Dirinaria Lichen,Dirinaria confusa D.D. Awasthi var. saxicola (Rasanen) D.D. Awasthi,815
816,705,Little Duckweed,Lemna obscura (Austin) Daubs,816
817,227,Danish Scurvygrass,Cochlearia groenlandica L.,817
818,854,Dieck's Hypnum Moss,Hypnum dieckii Renauld & Cardot,818
819,438,Asian Flatsedge,Cyperus amuricus Maxim.,819
820,791,Hooker's Desert Sandwort,Arenaria hookeri Nutt. ssp. desertorum (Maguire) W.A. Weber,820
821,978,Sweet Shaggytuft,Stenandrium dulce (Cav.) Nees var. floridanum A. Gray,821
822,426,Great Plains Bladderpod,Lesquerella arenosa (Richardson) Rydb. var. arenosa,822
823,586,Alpine Aster,Aster alpinus L. var. alpinus,823
824,161,Bighead Dustymaiden,Chaenactis macrantha D.C. Eaton,824
825,27,Tapertip Cupgrass,Eriochloa acuminata (J. Presl) Kunth,825
826,83,Sand Fleabane,Erigeron arenarioides (D.C. Eaton ex A. Gray) A. Gray ex Rydb.,826
827,30,Shortspike Bluestem,Andropogon brachystachyus Chapm.,827
828,650,Cartilage Lichen,Ramalina dasypoga Tuck.,828
829,871,Yellowspine Thistle,Cirsium ochrocentrum A. Gray ssp. martinii P. Barlow,829
830,716,East Indian Almond,Terminalia myriocarpa van Heurck & Müll. Arg.,830
831,414,Inyo Biscuitroot,Lomatium foeniculaceum (Nutt.) J.M. Coult. & Rose ssp. inyoense (Mathias & Constance ex Munz & Roos) W.L. Theobald,831
832,180,Honeywort,Cerinthe major L.,832
833,259,Narrowleaf Milkvetch,Astragalus pectinatus (Douglas ex Hook.) Douglas ex G. Don,833
834,233,Bruised Lichen,Toninia cinereovirens (Schaerer) A. Massal.,834
835,996,Creamcups,Platystemon Benth.,835
836,706,Clauzadeana,Clauzadeana macula (Taylor) Coppins & Rambold,836
837,52,Metcalfe's Beardtongue,Penstemon metcalfei Wooton & Standl.,837
838,113,Waihoi Beggarticks,Bidens campylotheca Sch. Bip. ssp. waihoiensis H. St. John,838
839,449,Disk Waterhyssop,Bacopa rotundifolia (Michx.) Wettst.,839
840,49,Water Figwort,Scrophularia umbrosa Dumort.,840
841,131,Puerto Rico Yellowcress,Rorippa portoricensis (Spreng.) Stehlé,841
842,227,Hymenopappus,Hymenopappus L'Hér.,842
843,100,Orthotrichum Moss,Orthotrichum laevigatum J.E. Zetterst.,843
844,618,Hyssopleaf Fleabane,Erigeron hyssopifolius Michx. var. hyssopifolius,844
845,812,Udo,Aralia cordata Thunb.,845
846,50,Rinodina Lichen,Rinodina oxydata (A. Massal.) A. Massal.,846
847,346,Biennial Cinquefoil,Potentilla biennis Greene,847
848,199,Tarweed,Madia Molina,848
849,309,Roccella Lichen,Roccella phycopsis (Ach.) Ach.,849
850,858,Chapped Mallee,Eucalyptus pileata Blakely,850
851,60,Shorthook Fishhook Cactus,Ancistrocactus tobuschii (W.T. Marshall) W.T. Marshall ex Backeb.,851
852,793,Larkspurleaf Monkshood,Aconitum delphiniifolium DC. ssp. chamissonianum (Rchb.) Hultén,852
853,477,Monarch Of The Veld,Venidium fastuosum (Jacq.) Stapf,853
854,141,Twincrest Onion,Allium bisceptrum S. Watson,854
855,539,Coastal Mock Vervain,Glandularia maritima (Small) Small,855
856,36,Timmiella Moss,Timmiella crassinervis (Hampe) L.F. Koch,856
857,652,Ditch Stonecrop,Penthorum sedoides L.,857
858,53,Mexican Thistle,Cirsium mexicanum DC.,858
859,533,Goldenrain Tree,Koelreuteria paniculata Laxm.,859
860,350,Red Shrubby-spurge,Tetracoccus dioicus Parry,860
861,15,Rock Elm,Ulmus thomasii Sarg.,861
862,524,'ohe,Joinvillea ascendens Gaudich. ex Brongn. & Gris,862
863,7,Lewton's Milkwort,Polygala lewtonii Small,863
864,865,Longflower Evening Primrose,Oenothera affinis Camb.,864
865,285,Lescur's Sphagnum,Sphagnum lescurii Sull.,865
866,857,Milk Kelloggia,Kelloggia galioides Torr.,866
867,864,Synsepalum,Synsepalum (A. DC.) Daniell,867
868,957,Purple Bluestem,Andropogon glaucopsis Elliott,868
869,450,Common Duckmeat,Spirodela polyrrhiza (L.) Schleid.,869
870,51,Krug's White Morning-glory,Ipomoea krugii Urb.,870
871,751,Hilend's Bedstraw,Galium hilendiae Dempster & Ehrend. ssp. hilendiae,871
872,76,Pringle's Giant Hyssop,Agastache pringlei (Briq.) Lint & Epling var. verticillata (Wooton & Standl.) R.W. Sanders,872
873,170,Craters Of The Moon Cushion Buckwheat,Eriogonum ovalifolium Nutt. var. focarium Reveal & Mansfield,873
874,628,Hoopvine,Trichostigma octandrum (L.) H. Walt.,874
875,660,Western Wheatgrass,Pascopyrum smithii (Rydb.) Á. Löve,875
876,516,Hastings Oak,Quercus ×hastingsii Sarg.,876
877,68,London Planetree,Platanus ×hispanica Mill. ex Münchh.,877
878,34,Job's Tears,Coix L.,878
879,688,Prickly Cyanea,Cyanea horrida (Rock) O. Deg. & Hosaka,879
880,474,Dwarf Gentian,Gentianella Moench,880
881,514,Raichie,Waltheria calcicola Urb.,881
882,928,Eared Watermoss,Salvinia auriculata Aubl.,882
883,612,Pacific Pea,Lathyrus vestitus Nutt.,883
884,998,Dry Calcareous Bryum Moss,Bryum caespiticium Hedw.,884
885,697,Blue Wild Indigo,Baptisia australis (L.) R. Br. var. australis,885
886,204,Longawn Muhly,Muhlenbergia spiciformis Trin.,886
887,345,Louisiana Nerveray,Tetragonotheca ludoviciana (Torr. & A. Gray) A. Gray ex H.M. Hall,887
888,541,Rio Grande Palmetto,Sabal mexicana Mart.,888
889,242,Austrian Draba,Draba fladnizensis Wulfen var. pattersonii (O.E. Schultz) Rollins,889
890,975,Berggren's Plagiothecium Moss,Plagiothecium berggrenianum Frisvoll,890
891,750,Argus Bedstraw,Galium argense Dempster & Ehrend.,891
892,91,Trema,Trema Lour.,892
893,412,Columbian Lewisia,Lewisia columbiana (Howell ex A. Gray) B.L. Rob. var. rupicola (English) C.L. Hitchc.,893
894,559,Monkshood,Aconitum L.,894
895,176,Candelaria Blazingstar,Mentzelia candelariae H.J. Thomp. & Prigge,895
896,425,Oriental Vessel Fern,Angiopteris evecta (J.R. Forst.) Hoffm.,896
897,578,Spreading Pygmyleaf,Loeflingia squarrosa Nutt. ssp. artemisiarum Barneby & Twisselmann,897
898,426,Puerto Rico Stopper,Eugenia bellonis Krug & Urb.,898
899,613,Weed's Mariposa Lily,Calochortus weedii Alph. Wood var. weedii,899
900,56,Cup Lichen,Cladonia luteoalba Wheldon & A. Wilson,900
901,461,Desert Larkspur,Delphinium parishii A. Gray,901
902,295,Alaska Bellheather,Harrimanella stelleriana (Pall.) Coville,902
903,618,Silk Bay,Persea humilis Nash,903
904,511,Indian Teasel,Dipsacus sativus (L.) Honck.,904
905,966,Willow Ragwort,Barkleyanthus salicifolius (Kunth) H. Rob. & Brettell,905
906,258,Xanthoparmelia Lichen,Xanthoparmelia lipochlorochroa Hale & Elix,906
907,494,Cracked Lichen,Acarospora cinereoalba (Fink) H. Magn.,907
908,203,Coastal Plain Angelica,Angelica dentata (Chapm.) J.M. Coult. & Rose,908
909,103,Mountain Sneezeweed,Helenium autumnale L. var. montanum (Nutt.) Fernald,909
910,543,Eugeissona,Eugeissona Griffith,910
911,239,Dicranum Moss,Dicranum pallidisetum (J.W. Bailey) Irel.,911
912,942,Tall Oat Grass,Arrhenatherum album (Vahl) Clayton,912
913,409,Wild Crapemyrtle,Malpighia glabra L.,913
914,458,Ko'oloa 'ula,Abutilon menziesii Seem.,914
915,754,Crossidium Moss,Crossidium crassinerve (De Not.) Jur.,915
916,339,Shortsepal Lewisia,Lewisia brachycalyx Engelm. ex A. Gray,916
917,893,Roughglume Bushy Bluestem,"Andropogon glomeratus (Walter) Britton, Sterns & Poggenb. var. scabriglumis C.S. Campbell",917
918,785,Gray-box,Eucalyptus moluccana Roxb.,918
919,921,Ostrich Fern,Matteuccia struthiopteris (L.) Todaro,919
920,653,Racopilum Moss,Racopilum tomentosum (Hedw.) Brid.,920
921,809,Cigar Flower,Cuphea ignea A. DC.,921
922,221,Alsia Moss,Alsia Sull.,922
923,387,Poelt's Athelia Lichen,Athelia poeltii Julich,923
924,650,Conrad's Rinodina Lichen,Rinodina conradii Körb.,924
925,813,Toadflax,Nuttallanthus D.A. Sutton,925
926,573,Costus,Costus L.,926
927,370,Lyngholm's Cliffbrake,Pellaea lyngholmii Windham,927
928,327,Glossy Shower,Senna surattensis (Burm. f.) Irwin & Barneby,928
929,783,Johnston's Gum,Eucalyptus johnstonii Maiden,929
930,280,Long-stolon Sedge,Carex inops L.H. Bailey,930
931,154,Wire Bird's-foot Trefoil,Lotus nuttallianus Greene,931
932,113,Skimmia,Skimmia Thunb.,932
933,593,Island Mountain Mahogany,Cercocarpus montanus Raf. var. blancheae (C.K. Schneid.) F.L. Martin,933
934,52,Dirinaria Lichen,Dirinaria confluens (Fr.) D.D. Awasthi,934
935,277,African Rice,Oryza glaberrima Steud.,935
936,72,Aster,Oclemena Greene,936
937,636,Narrowpoint Knotweed,Polygonum leptocarpum B.L. Rob.,937
938,709,Palamocladium Moss,Palamocladium leskeoides (Hook.) E. Britton,938
939,251,Brazilian Glorytree,Tibouchina granulosa (Desr.) Cogn.,939
940,396,Matamat,Rhynchospora corymbosa (L.) Britton,940
941,969,Nuttall's Milkvetch,Astragalus nuttallii (Torr. & A. Gray) J.T. Howell var. nuttallii,941
942,462,Robert Geranium,Geranium robertianum L.,942
943,544,Littleleaf Alumroot,"Heuchera parvifolia Nutt. ex Torr. & A. Gray var. flavescens (Rydb.) Rosend., Butters & Lakela",943
944,857,Tortoiseshell Bamboo,Phyllostachys heterocycla (Carrière) Matsum.,944
945,127,Sphinctrina Lichen,Sphinctrina tubiformis A. Massal.,945
946,345,Smallflower Monkeyflower,Mimulus inconspicuus A. Gray,946
947,195,Yü-shan Raspberry,Rubus hayata-koidzumii Naruh.,947
948,502,San Diego Nightshade,Solanum tenuilobatum Parish,948
949,524,Haleakala Spleenwort,Asplenium haleakalense W.H. Wagner,949
950,696,Sullivant's Coolwort,Sullivantia sullivantii (Torr. & A. Gray) Britton,950
951,286,Purple Rushlily,Hastingsia bracteosa S. Watson var. atropurpurea (Becking) F. Lang & P. Zika,951
952,948,Roundhead Chinese Houses,Collinsia corymbosa Herder,952
953,973,Fourpoint Evening Primrose,Oenothera rhombipetala Nutt. ex Torr. & A. Gray,953
954,258,Pale Wallflower,Erysimum occidentale (S. Watson) B.L. Rob.,954
955,65,Lecidea Lichen,Lecidea tenuissima Lynge,955
956,939,Harbison Oak,Quercus ×harbisonii Sarg.,956
957,344,Appalachian Shoestring Fern,Vittaria appalachiana Farrar & Mickel,957
958,787,Parish's Threeawn,Aristida purpurea Nutt. var. parishii (Hitchc.) Allred,958
959,658,Porotrichum Moss,Porotrichum (Brid.) Hampe,959
960,775,Giant Vetch,Vicia nigricans Hook. & Arn. ssp. gigantea (Hook.) Lassetter & C.R. Gunn.,960
961,972,Java Grass,Polytrias indica (Houtt.) Veldkamp,961
962,624,Southern Prairie Aster,Eurybia hemispherica (Alexander) G.L. Nesom,962
963,359,Wallace's Tobacco,Nicotiana quadrivalvis Pursh var. wallacei (A. Gray) Mansf.,963
964,764,Stalked Wild Petunia,Ruellia pedunculata Torr. ex A. Gray,964
965,717,Plains Snakecotton,Froelichia floridana (Nutt.) Moq. var. floridana,965
966,750,Wideleaf Homomallium Moss,Homomallium mexicanum Cardot var. latifolium Cardot,966
967,844,Little Mountain Bluegrass,Poa curtifolia Scribn.,967
968,846,Cneoridium,Cneoridium Hook. f.,968
969,767,Pennsylvania Cinquefoil,Potentilla pensylvanica L. var. litoralis (Rydb.) B. Boivin,969
970,118,Eggyolk Lichen,Candelariella efflorescens R.C. Harris & W.R. Buck,970
971,294,Field Sagewort,Artemisia campestris L.,971
972,501,Silky Jackbean,Canavalia sericea A. Gray,972
973,500,Soot Lichen,Cyphelium brachysporum Nadv.,973
974,751,Leafy Wildparsley,Musineon divaricatum (Pursh) Raf.,974
975,421,Wallace's Spikemoss,Selaginella wallacei Hieron.,975
976,879,Eggleaf Bristle Fern,Trichomanes ovale (Fourn.) W. Boer,976
977,395,Bolander's Ragwort,Packera bolanderi (A. Gray) W.A. Weber & Á. Löve,977
978,144,Washington Fan Palm,Washingtonia robusta H. Wendl.,978
979,865,Drooping Milkvetch,Astragalus reflexus Torr. & A. Gray,979
980,749,Cream Milkvetch,Astragalus racemosus Pursh var. racemosus,980
981,788,Pasture Heliotrope,Heliotropium tenellum (Nutt.) Torr.,981
982,278,Lewis' Buckwheat,Eriogonum lewisii Reveal,982
983,409,Low Spearwort,Ranunculus pusillus Poir. var. angustifolius (Engelm.) L.D. Benson,983
984,363,Jointgrass,Hemarthria R. Br.,984
985,951,Mountain Azalea,Rhododendron canescens (Michx.) Sweet,985
986,910,Azores Forget-me-not,Myosotis azorica H.C. Watson ex Hook.,986
987,176,Birdbill Dayflower,Commelina dianthifolia Delile var. longispatha (Torr.) Brashier,987
988,923,Bluecup,Githopsis Nutt.,988
989,475,Simpleleaf Chastetree,Vitex trifolia L. var. subtrisecta (Kuntze) Moldenke,989
990,458,Lecania Lichen,Lecania pepegospora H. Magn.,990
991,854,Rinodina Lichen,Rinodina corticola Arnold,991
992,484,Maguire's Draba,Draba maguirei C.L. Hitchc.,992
993,18,Small-leaf Bittercress,Cardamine microphylla M.F. Adams ssp. blaisdellii (Eastw.) D.F. Murray & S. Kelso,993
994,685,Oneflower Fleabane,Erigeron uniflorus L. ssp. eriocephalus (J. Vahl) Cronquist,994
995,660,Sweetbush,Bebbia juncea (Benth.) Greene,995
996,545,Nodding Coneflower,Isopogon teretifolius R. Br.,996
997,212,Subalpine Fir,Abies lasiocarpa (Hook.) Nutt. var. lasiocarpa,997
998,801,Pygmy Alpinegold,Hulsea vestita A. Gray ssp. pygmaea (A. Gray) Wilken,998
999,9,Pink Honeysuckle,Lonicera hispidula (Lindl.) Douglas ex Torr. & A. Gray,999
1000,872,Guadalupe Mountain Foxtail Cactus,Escobaria guadalupensis Brack & K.D. Heil,1000
