stack_id,user_id,stack_name,number_of_cards,number_of_learned_cards,number_of_unlearned_cards,topic,total_downloads,creator,created_at,last_learned_at
1,562,Smith's bush squirrel,1,1,1,Backhous Fuchsia,1,alindeman0,2/13/2023,4/16/2023
2,991,Greater flamingo,2,2,2,Copernicia,2,lfranceschi1,5/9/2023,5/25/2023
3,944,Eastern quoll,3,3,3,Thinleaf Late Purple Aster,3,mgowlett2,6/20/2023,8/30/2023
4,682,"Beaver, european",4,4,4,Screwtree,4,cbalnave3,10/30/2022,10/13/2022
5,210,Grey lourie,5,5,5,Aceitillo,5,smaple4,5/25/2023,2/20/2023
6,239,White-tailed jackrabbit,6,6,6,Phaeographis,6,swhistlecroft5,10/11/2022,9/20/2022
7,223,"Otter, north american river",7,7,7,Radford's Sedge,7,pcardus6,11/22/2022,12/7/2022
8,527,"Plover, three-banded",8,8,8,Longleaf Cupgrass,8,tvizor7,4/2/2023,12/14/2022
9,242,American racer,9,9,9,Slenderleaf Skyrocket,9,mhyrons8,9/4/2023,1/18/2023
10,847,Tayra,10,10,10,Popcornflower,10,mmcgown9,11/3/2022,7/8/2023
11,823,Mocking cliffchat,11,11,11,Puerto Rico Prairie Clover,11,boffella,2/25/2023,10/10/2022
12,442,"Opossum, american virginia",12,12,12,New Mexico Raspberry,12,npibornb,8/24/2023,8/12/2023
13,124,Fairy penguin,13,13,13,Indian Flatsedge,13,dhaselupc,2/25/2023,8/12/2023
14,19,Red-legged pademelon,14,14,14,California Mustard,14,hbarajasd,3/13/2023,3/11/2023
15,419,Arctic hare,15,15,15,Wart Lichen,15,wrentellle,6/3/2023,12/3/2022
16,542,"Viper, egyptian",16,16,16,Tumble Lovegrass,16,ncampbelldunlopf,8/10/2023,3/14/2023
17,907,Greater adjutant stork,17,17,17,Intermountain Phacelia,17,jgressg,5/28/2023,3/19/2023
18,907,Lapwing (unidentified),18,18,18,Spotted Snapweed,18,hjoyh,10/16/2022,10/12/2022
19,418,Red hartebeest,19,19,19,Bushy Spikemoss,19,bstuarti,10/27/2022,1/18/2023
20,648,"Fox, crab-eating",20,20,20,Tenfinger Menodora,20,mcurrmj,11/20/2022,9/21/2022
21,195,Desert kangaroo rat,21,21,21,Lombardy Poplar,21,rkeniwellk,5/2/2023,4/3/2023
22,903,"Turtle, long-necked",22,22,22,Cyphomeris,22,lginnallyl,5/25/2023,12/23/2022
23,537,"Leopard, indian",23,23,23,Sticky Ragwort,23,aivakhnom,7/31/2023,2/6/2023
24,578,Crested barbet,24,24,24,Drops Of Gold,24,csheersn,9/23/2022,9/14/2022
25,376,"Badger, eurasian",25,25,25,Olopu,25,ehempshallo,9/4/2023,9/13/2022
26,937,"Hyena, spotted",26,26,26,Cider Gum,26,qhornigp,5/1/2023,3/14/2023
27,924,Chimpanzee,27,27,27,Stephen's Stork's Bill,27,mbarthelmesq,4/15/2023,10/12/2022
28,707,Savannah deer,28,28,28,Pricklypear,28,chubbocksr,4/16/2023,9/7/2023
29,70,African skink,29,29,29,Colorado Four O'clock,29,gcastanedas,6/2/2023,12/23/2022
30,297,Guerza,30,30,30,Nevada Cryptantha,30,gostickt,6/10/2023,7/11/2023
31,995,"Bustard, stanley",31,31,31,Zebrina,31,varkinu,4/12/2023,3/13/2023
32,325,Red-breasted cockatoo,32,32,32,Calder's Licorice-root,32,rgoulbournv,10/11/2022,5/7/2023
33,470,Ring-necked pheasant,33,33,33,Purpleosier Willow,33,dprandyw,2/9/2023,10/22/2022
34,803,Asian elephant,34,34,34,Mancos Columbine,34,flipsettx,10/7/2022,3/23/2023
35,116,Ostrich,35,35,35,Nit Grass,35,cbolandy,11/19/2022,10/16/2022
36,967,Grey phalarope,36,36,36,Ticktrefoil,36,cfullerlovez,3/18/2023,5/6/2023
37,416,Tropical buckeye butterfly,37,37,37,Michaux's Parmotrema Lichen,37,kgenner10,2/4/2023,4/14/2023
38,439,African lynx,38,38,38,Squirting Cucumber,38,adunsmore11,1/7/2023,6/18/2023
39,167,Hyrax,39,39,39,Torrey's Wrightwort,39,olevesley12,12/10/2022,5/4/2023
40,522,Old world fruit bat (unidentified),40,40,40,Roughseed Cryptantha,40,lguirardin13,2/27/2023,10/6/2022
41,79,"Eagle, golden",41,41,41,Smut Grass,41,bkilius14,3/10/2023,12/25/2022
42,802,"White-eye, cape",42,42,42,Downy Goldenrod,42,mbeaney15,11/27/2022,3/22/2023
43,169,Cape raven,43,43,43,Velvet Bean,43,lbrickdale16,8/12/2023,8/13/2023
44,694,Galapagos mockingbird,44,44,44,Lecidea Lichen,44,bcayford17,8/27/2023,7/16/2023
45,986,Marabou stork,45,45,45,Woollyleaf Manzanita,45,ahotson18,7/27/2023,7/29/2023
46,792,Cereopsis goose,46,46,46,West Indian Starwort,46,mfardell19,7/10/2023,6/22/2023
47,696,"Langur, gray",47,47,47,Achar's Graphina Lichen,47,gguillard1a,11/17/2022,4/5/2023
48,396,Indian star tortoise,48,48,48,Psorula Lichen,48,lvynoll1b,6/2/2023,3/3/2023
49,709,"Bustard, kori",49,49,49,King's Clover,49,jciubutaro1c,8/25/2023,8/8/2023
50,685,Kongoni,50,50,50,False Brome,50,rrutledge1d,5/4/2023,12/9/2022
51,185,Carpet python,51,51,51,Bommeria Fern,51,vpurslow1e,7/30/2023,2/8/2023
52,490,"Meerkat, red",52,52,52,Rockcress,52,rcordero1f,8/1/2023,2/20/2023
53,141,Southern boubou,53,53,53,Callingcard Vine,53,fatkyns1g,1/14/2023,1/7/2023
54,891,African pied wagtail,54,54,54,Herbst's Sandmat,54,npendall1h,12/13/2022,10/10/2022
55,143,Barasingha deer,55,55,55,Oneleaf Cartilage Lichen,55,ngostling1i,9/6/2023,9/26/2022
56,759,"Egret, snowy",56,56,56,Wyeth Biscuitroot,56,cbutts1j,6/25/2023,7/21/2023
57,811,Golden brush-tailed possum,57,57,57,Inyo Princesplume,57,lbreeder1k,12/13/2022,3/4/2023
58,316,Woodchuck,58,58,58,Asterophoma Lichen,58,ndarben1l,2/12/2023,6/11/2023
59,58,"Viper, egyptian",59,59,59,Lesser Snakeroot,59,rcatherall1m,5/27/2023,8/1/2023
60,32,"Flicker, campo",60,60,60,Chaparral Dodder,60,ktinner1n,1/24/2023,5/6/2023
61,933,African elephant,61,61,61,Saltmarsh Alkaligrass,61,cspendlove1o,1/7/2023,10/10/2022
62,552,"Squirrel, african bush",62,62,62,Ground Nama,62,agathwaite1p,12/8/2022,5/15/2023
63,806,Common zebra,63,63,63,Reed,63,jugo1q,11/16/2022,12/18/2022
64,403,"Pelican, australian",64,64,64,Silver Hairgrass,64,cjacques1r,4/19/2023,10/5/2022
65,322,"Lion, african",65,65,65,Paiute Suncup,65,jempleton1s,6/20/2023,8/22/2023
66,336,American bighorn sheep,66,66,66,Northern Moonwort,66,njeenes1t,4/25/2023,8/15/2023
67,2,Violet-crested turaco,67,67,67,Murdannia,67,wcheshir1u,6/15/2023,9/3/2023
68,506,"Fox, blue",68,68,68,Placynthiella Lichen,68,rbohey1v,9/30/2022,7/20/2023
69,40,"Avocet, pied",69,69,69,Marsh Valerian,69,aboyen1w,1/14/2023,11/14/2022
70,732,"Rabbit, eastern cottontail",70,70,70,Thick Ditch Crowngrass,70,cmclachlan1x,1/29/2023,9/10/2022
71,778,"Coatimundi, ring-tailed",71,71,71,Cliff Palace Milkvetch,71,dfreiburger1y,1/19/2023,6/1/2023
72,200,"Seal, southern elephant",72,72,72,Pygmy Bluet,72,gpybworth1z,8/31/2023,2/5/2023
73,215,"Duck, blue",73,73,73,Entodontopsis Moss,73,ceslie20,11/9/2022,1/15/2023
74,769,Red-necked wallaby,74,74,74,Willdenow's Maiden Fern,74,ctebbett21,5/26/2023,12/24/2022
75,993,"Marten, american",75,75,75,Silver Buffaloberry,75,abole22,1/1/2023,9/3/2023
76,715,"Sheep, american bighorn",76,76,76,Orcutt's Bristleweed,76,itwede23,7/8/2023,12/20/2022
77,991,"Lion, steller sea",77,77,77,Bigelow's False Willow,77,dmerritt24,9/17/2022,12/17/2022
78,271,Mara,78,78,78,Slender Passionflower,78,gcaldecott25,2/24/2023,1/12/2023
79,940,Mexican wolf,79,79,79,Bradley's Spleenwort,79,mcrips26,5/27/2023,9/27/2022
80,761,"Kangaroo, eastern grey",80,80,80,Cascade Calicoflower,80,mlangley27,12/18/2022,3/2/2023
81,594,Four-spotted skimmer,81,81,81,Cup Lichen,81,mlippett28,6/10/2023,4/29/2023
82,87,Woylie,82,82,82,Maranta,82,dbase29,7/24/2023,4/14/2023
83,89,Red-capped cardinal,83,83,83,Brandegee's Fumewort,83,npearcey2a,7/15/2023,7/31/2023
84,489,"Nighthawk, common",84,84,84,Ives' Fournerved Daisy,84,jluscombe2b,11/23/2022,9/1/2023
85,7,Laughing kookaburra,85,85,85,Sweet Signalgrass,85,pcoleshill2c,1/24/2023,8/17/2023
86,863,"Lizard, frilled",86,86,86,Longstalk Springparsley,86,selliman2d,2/1/2023,11/29/2022
87,626,"Kangaroo, western grey",87,87,87,Antelopehorns,87,tboyda2e,11/6/2022,7/17/2023
88,260,"Eagle, tawny",88,88,88,Puerto Rico Manjack,88,cgantzman2f,4/12/2023,5/4/2023
89,490,Common nighthawk,89,89,89,Wallrocket,89,vcholomin2g,3/24/2023,2/26/2023
90,96,"Porcupine, crested",90,90,90,Fivefinger Chickensage,90,spople2h,12/27/2022,9/11/2022
91,373,Beisa oryx,91,91,91,Hyssopleaf Pepperweed,91,elanfranchi2i,7/23/2023,6/28/2023
92,869,Reindeer,92,92,92,Surinam Bulletwood,92,eputland2j,8/10/2023,4/29/2023
93,655,"Cobra, egyptian",93,93,93,Western Meadow Aster,93,rguyot2k,7/2/2023,1/24/2023
94,665,"Sparrow, house",94,94,94,Konakona,94,gbachura2l,9/28/2022,6/14/2023
95,866,"Bear, american black",95,95,95,Hairtip Clubmoss,95,nwarsap2m,7/9/2023,1/5/2023
96,741,Stone sheep,96,96,96,Paradisetree,96,hbowe2n,11/21/2022,12/28/2022
97,558,"Cat, ringtail",97,97,97,Graphina Lichen,97,rmoresby2o,11/21/2022,5/1/2023
98,289,"Curlew, black",98,98,98,Small's Southern Clarkia,98,ljochens2p,5/16/2023,6/28/2023
99,808,Southern elephant seal,99,99,99,Orange Lichen,99,eolyhane2q,12/24/2022,2/21/2023
100,975,Tokay gecko,100,100,100,Ajowan Caraway,100,lboatman2r,7/4/2023,12/29/2022
101,444,"Grouse, greater sage",101,101,101,Glacial Sedge,101,jtapin2s,3/30/2023,3/11/2023
102,283,Pied cormorant,102,102,102,Placynthiella Lichen,102,erouby2t,6/16/2023,3/21/2023
103,160,Ground monitor (unidentified),103,103,103,Medicine Vine,103,cricciardi2u,10/9/2022,5/9/2023
104,496,"Glider, feathertail",104,104,104,Dichrostachys,104,awilderspoon2v,8/26/2023,5/2/2023
105,258,"Possum, golden brush-tailed",105,105,105,Santa Maria Feverfew,105,nprescott2w,6/13/2023,6/12/2023
106,577,"Penguin, little blue",106,106,106,Alaska Bellheather,106,lmcterlagh2x,1/24/2023,12/30/2022
107,778,"Pademelon, red-legged",107,107,107,Jordal's Locoweed,107,zitzkovwitch2y,12/14/2022,8/29/2023
108,611,Springbok,108,108,108,Kern Mallow,108,jsailor2z,3/23/2023,2/9/2023
109,502,Bontebok,109,109,109,Warnock's Water-willow,109,icoulsen30,4/8/2023,5/24/2023
110,308,"Otter, african clawless",110,110,110,Cardinal Climber,110,gbacken31,12/16/2022,9/26/2022
111,476,Polar bear,111,111,111,Tree Crabseye Lichen,111,fsommers32,2/2/2023,10/7/2022
112,522,"Stork, greater adjutant",112,112,112,Durango Tumblemustard,112,jsawle33,12/9/2022,7/7/2023
113,839,Chilean flamingo,113,113,113,Parsnipflower Buckwheat,113,mglanert34,12/29/2022,5/18/2023
114,941,"Cockatoo, red-tailed",114,114,114,Tidalmarsh Amaranth,114,jzammitt35,11/9/2022,4/25/2023
115,696,"Genet, common",115,115,115,Broadleaf Monkeyflower,115,rconsidine36,6/19/2023,6/16/2023
116,577,"Monster, gila",116,116,116,Reverchon's False Pennyroyal,116,gwilsee37,6/28/2023,4/12/2023
117,321,Southern black-backed gull,117,117,117,Horehound-leaf Nettle,117,mgolder38,1/6/2023,6/26/2023
118,511,Nelson ground squirrel,118,118,118,Milkberry,118,ecater39,2/19/2023,10/15/2022
119,271,"Bat, madagascar fruit",119,119,119,Lung Lichen,119,lchaney3a,9/24/2022,11/5/2022
120,607,White-necked stork,120,120,120,Engelmann's Sedge,120,rbougen3b,3/25/2023,8/31/2023
121,367,Sable antelope,121,121,121,Sierra Blazingstar,121,bkobisch3c,7/12/2023,7/25/2023
122,235,"Goose, andean",122,122,122,Summit Colicwood,122,eshillitto3d,9/17/2022,10/20/2022
123,624,"Monitor, water",123,123,123,Tapertip Liveforever,123,saiers3e,3/12/2023,8/3/2023
124,847,"Rat, desert kangaroo",124,124,124,Woodfern,124,gambrogelli3f,4/4/2023,9/4/2023
125,498,"Whale, southern right",125,125,125,Dunchi Fiber,125,ltenbrug3g,9/13/2022,9/13/2022
126,986,Indian tree pie,126,126,126,Mt. Hamilton Thistle,126,hjakubovski3h,7/28/2023,4/2/2023
127,234,"Boa, malagasy ground",127,127,127,Tulare Cryptantha,127,tstubbert3i,8/26/2023,12/13/2022
128,351,"Shrike, southern white-crowned",128,128,128,Smallbristle Hound's Tongue,128,vblanch3j,7/14/2023,3/20/2023
129,899,Crested screamer,129,129,129,Absinthium,129,cballantyne3k,2/15/2023,8/22/2023
130,844,"Nighthawk, common",130,130,130,Coastal Sand Frostweed,130,flahrs3l,11/28/2022,6/4/2023
131,669,White-throated kingfisher,131,131,131,Golden Tickseed,131,afeldmesser3m,8/22/2023,5/3/2023
132,500,"Cormorant, large",132,132,132,Bulbous Adderstongue,132,cbailles3n,3/13/2023,8/18/2023
133,11,"Ibis, puna",133,133,133,Lac Tree,133,thelliwell3o,6/20/2023,3/6/2023
134,894,"Colobus, white-mantled",134,134,134,Cylindricfruit Primrose-willow,134,hvondracek3p,4/23/2023,11/11/2022
135,7,"Squirrel, palm",135,135,135,Threelobe Rosemallow,135,mdebenedetti3q,9/6/2023,6/13/2023
136,352,"Waterbuck, common",136,136,136,Nipplewort,136,ivasyushkhin3r,1/19/2023,2/27/2023
137,434,"Nutcracker, clark's",137,137,137,Schaereria Lichen,137,kbanane3s,2/24/2023,4/3/2023
138,293,"Tern, white-winged",138,138,138,Cape Blue Waterlily,138,asmallcombe3t,12/11/2022,4/8/2023
139,538,Eurasian hoopoe,139,139,139,Sessileflower False Goldenaster,139,rgheorghie3u,9/16/2022,1/25/2023
140,587,"Cat, long-tailed spotted",140,140,140,Calamondin,140,tbennetts3v,7/21/2023,6/11/2023
141,814,Arboral spiny rat,141,141,141,Crowberry,141,bsiggery3w,6/21/2023,5/9/2023
142,372,Azara's zorro,142,142,142,Garden Croton,142,krosoman3x,11/5/2022,5/27/2023
143,531,"Bustard, stanley",143,143,143,Candle Snuffer Moss,143,aattac3y,9/11/2022,5/20/2023
144,835,House sparrow,144,144,144,Turkey Tangle Fogfruit,144,ebaptie3z,2/8/2023,5/16/2023
145,294,Burrowing owl,145,145,145,Wart Lichen,145,agritsunov40,1/5/2023,7/19/2023
146,51,Monitor lizard (unidentified),146,146,146,Netted Popcornflower,146,ethomton41,12/22/2022,2/26/2023
147,952,Western bearded dragon,147,147,147,Mudbank Crowngrass,147,dibberson42,9/22/2022,11/10/2022
148,754,"Turtle, long-necked",148,148,148,Sierra Shootingstar,148,vskeermor43,12/2/2022,2/28/2023
149,897,"Kangaroo, jungle",149,149,149,Potato Fern,149,lmichin44,10/30/2022,10/30/2022
150,576,Green-winged macaw,150,150,150,Panamint Springparsley,150,traitt45,5/22/2023,2/10/2023
151,317,"Lizard, giant girdled",151,151,151,Silk-floss Tree,151,powtram46,8/16/2023,11/9/2022
152,490,"Crab, sally lightfoot",152,152,152,Bush Yam,152,lhaughey47,10/2/2022,4/25/2023
153,436,Thirteen-lined squirrel,153,153,153,Sun Spurge,153,lduiged48,11/5/2022,5/4/2023
154,398,"Marmot, hoary",154,154,154,Tuckermannopsis Lichen,154,mandric49,3/14/2023,8/20/2023
155,146,"Eagle, long-crested hawk",155,155,155,Hanbury's Garcinia,155,scarnier4a,2/21/2023,11/30/2022
156,332,"Ibis, sacred",156,156,156,Brownish Sedge,156,daleksic4b,11/1/2022,7/25/2023
157,300,Musk ox,157,157,157,Dioecious Sedge,157,vstickney4c,3/12/2023,11/5/2022
158,38,Yellow-billed stork,158,158,158,Slender Spikerush,158,kattock4d,12/6/2022,9/27/2022
159,504,Brolga crane,159,159,159,Eiglera Lichen,159,eoverel4e,7/21/2023,8/29/2023
160,317,Llama,160,160,160,Tiehm's Blazing Star,160,nloddy4f,6/12/2023,2/24/2023
161,736,"Peacock, blue",161,161,161,Alkanna,161,tnorthgraves4g,3/21/2023,7/21/2023
162,753,"Phascogale, red-tailed",162,162,162,Greenstem Paperflower,162,ccree4h,4/4/2023,6/25/2023
163,128,"Pie, rufous tree",163,163,163,Parish's Larkspur,163,mkowalski4i,1/14/2023,6/14/2023
164,392,"Beaver, north american",164,164,164,Arctic Woodrush,164,hcurness4j,4/27/2023,1/9/2023
165,132,Ant (unidentified),165,165,165,Umbrella Thorn,165,cpolotti4k,8/16/2023,4/21/2023
166,957,Common eland,166,166,166,July Gold,166,xfrensche4l,12/2/2022,5/7/2023
167,62,Green-winged trumpeter,167,167,167,Awl-leaf Pearlwort,167,bsnook4m,8/24/2023,9/16/2022
168,699,Tarantula,168,168,168,Uinta Mountain Fleabane,168,bgoodere4n,11/2/2022,3/11/2023
169,492,"Jacana, african",169,169,169,Illscented Wakerobin,169,lgarfirth4o,12/31/2022,10/9/2022
170,274,"Mongoose, yellow",170,170,170,Fire Reedgrass,170,gmetheringham4p,8/13/2023,6/15/2023
171,121,Gila monster,171,171,171,Ngai Camphor,171,rjoder4q,3/24/2023,3/27/2023
172,905,Miner's cat,172,172,172,St. Thomas Lidpod,172,cbaine4r,2/3/2023,10/14/2022
173,178,Jabiru stork,173,173,173,Attorney,173,mmickan4s,8/30/2023,1/22/2023
174,522,"Civet, common palm",174,174,174,Spoonshape Barbara's Buttons,174,chuckel4t,8/28/2023,6/9/2023
175,348,"Nighthawk, common",175,175,175,Hairy Pepperweed,175,handrzejczak4u,2/9/2023,2/23/2023
176,340,Ring-tailed lemur,176,176,176,Dalea,176,lwaylett4v,11/20/2022,2/19/2023
177,801,Bald eagle,177,177,177,Rhizomnium Moss,177,shinstridge4w,2/14/2023,10/14/2022
178,434,"Boa, malagasy ground",178,178,178,Heartleaf Groundcherry,178,sdongate4x,6/24/2023,10/17/2022
179,27,Woodrat (unidentified),179,179,179,Whitebract Blazingstar,179,dladlow4y,4/9/2023,7/23/2023
180,698,White-bellied sea eagle,180,180,180,Lucya,180,dedmott4z,6/3/2023,5/10/2023
181,896,Swallow (unidentified),181,181,181,Panama Tree,181,omaes50,3/25/2023,5/17/2023
182,780,"Bee-eater, nubian",182,182,182,Asian Netvein Hollyfern,182,cmarquis51,12/10/2022,3/31/2023
183,718,Kori bustard,183,183,183,Little Larkspur,183,espurryer52,9/16/2022,12/20/2022
184,737,Spotted wood sandpiper,184,184,184,Sedge,184,ghoudhury53,8/20/2023,1/11/2023
185,308,Gray langur,185,185,185,Smooth Yellow Nicker,185,agameson54,9/6/2023,11/19/2022
186,684,"Tamandua, southern",186,186,186,Bach's Calicoflower,186,crozet55,11/14/2022,12/31/2022
187,489,Asian water dragon,187,187,187,Smoketree,187,fcow56,5/6/2023,11/9/2022
188,770,Black-backed jackal,188,188,188,Pappose Tarweed,188,ccrocroft57,10/11/2022,6/17/2023
189,368,Black-tailed prairie dog,189,189,189,Durian,189,wmcvrone58,5/27/2023,4/6/2023
190,241,"Glider, feathertail",190,190,190,Snakeroot,190,rivankov59,8/21/2023,4/30/2023
191,500,"Glider, sugar",191,191,191,Rinodina Lichen,191,sbleackley5a,5/1/2023,8/30/2023
192,293,Tokay gecko,192,192,192,Tubular Bluestar,192,lcram5b,7/15/2023,2/11/2023
193,384,"Toucan, red-billed",193,193,193,Clubmoss,193,skitchinham5c,10/28/2022,4/25/2023
194,353,"Jaeger, long-tailed",194,194,194,Pentapetes,194,srenvoys5d,1/21/2023,11/21/2022
195,446,Worm snake (unidentified),195,195,195,Polunin's Rim Lichen,195,blipprose5e,2/16/2023,3/3/2023
196,603,Ground legaan,196,196,196,Blackbead,196,ffiggen5f,3/20/2023,12/31/2022
197,669,Blue crane,197,197,197,Cinnamon,197,lrussan5g,2/6/2023,4/9/2023
198,18,"Heron, black-crowned night",198,198,198,Woolly Cinquefoil,198,rmitkov5h,10/25/2022,6/2/2023
199,834,"Fox, asian red",199,199,199,Bluefly Honeysuckle,199,svain5i,12/29/2022,1/22/2023
200,434,Common palm civet,200,200,200,Pineland Snakeherb,200,ktrace5j,12/13/2022,9/8/2022
201,962,Black rhinoceros,201,201,201,Seaside Brookweed,201,grayman5k,3/27/2023,6/16/2023
202,423,"Dog, african wild",202,202,202,Gordon's Buckwheat,202,kmahoney5l,9/12/2022,7/9/2023
203,367,"Macaw, blue and yellow",203,203,203,Pumpkin Ash,203,lliverseege5m,7/12/2023,5/5/2023
204,704,"Bee-eater, white-fronted",204,204,204,Whitehead Spikesedge,204,mrawlcliffe5n,10/20/2022,6/10/2023
205,658,"Bushbaby, large-eared",205,205,205,Crabseye Lichen,205,kvenard5o,9/7/2023,1/28/2023
206,78,Striped skunk,206,206,206,Entolasia,206,vlerego5p,12/12/2022,11/18/2022
207,39,"Mongoose, javan gold-spotted",207,207,207,Rooting Chainfern,207,skleinert5q,3/7/2023,11/23/2022
208,216,Caracara (unidentified),208,208,208,Velvetshrub,208,ecaesman5r,7/27/2023,9/14/2022
209,92,Black-capped chickadee,209,209,209,Buckbean,209,lwoodley5s,1/6/2023,3/5/2023
210,415,Snow goose,210,210,210,Roxburgh's Cassia,210,sthiolier5t,8/29/2023,8/27/2023
211,706,Burrowing owl,211,211,211,Jarilla,211,otrayhorn5u,12/18/2022,5/18/2023
212,380,Killer whale,212,212,212,African Mahogany,212,sspuner5v,1/18/2023,10/24/2022
213,237,"Dog, black-tailed prairie",213,213,213,Rio Grande Copperlily,213,pflintuff5w,6/11/2023,1/3/2023
214,682,Snowy egret,214,214,214,Golden Larch,214,bspargo5x,3/20/2023,3/11/2023
215,48,"Tortoise, burmese black mountain",215,215,215,Pacific Wildrye,215,bscurry5y,6/21/2023,4/12/2023
216,954,Marabou stork,216,216,216,Incline Distichium Moss,216,dkerswill5z,7/22/2023,11/25/2022
217,868,Crested porcupine,217,217,217,Prairie Phacelia,217,mbestar60,3/5/2023,7/4/2023
218,713,"Hawk, red-tailed",218,218,218,Northland Cottonsedge,218,wsykes61,9/26/2022,7/20/2023
219,586,"Lion, steller sea",219,219,219,Contra Costa Manzanita,219,cberinger62,2/28/2023,5/31/2023
220,745,Egyptian goose,220,220,220,Falcate Rush,220,glearoyd63,1/7/2023,2/14/2023
221,177,Denham's bustard,221,221,221,Ionaspis Lichen,221,bnurdin64,7/12/2023,7/12/2023
222,608,Ringtail,222,222,222,Grimmia Dry Rock Moss,222,asexon65,10/13/2022,1/30/2023
223,547,American alligator,223,223,223,Climbing Tribisee,223,acrannage66,6/22/2023,7/8/2023
224,313,"Bison, american",224,224,224,Virginia Wildrye,224,rbarrington67,11/29/2022,5/18/2023
225,909,"Cardinal, black-throated",225,225,225,Cavern Beard Lichen,225,pkrystek68,2/9/2023,12/3/2022
226,789,"Opossum, american virginia",226,226,226,Smooth Forked Nailwort,226,temmitt69,10/10/2022,5/16/2023
227,39,Honey badger,227,227,227,Torrey's Craglily,227,bmartinovic6a,2/7/2023,6/9/2023
228,259,Puku,228,228,228,Weak Groundsel,228,nhussy6b,5/8/2023,12/10/2022
229,289,"Baboon, yellow",229,229,229,Bishop Pine,229,jmcward6c,7/6/2023,9/6/2023
230,404,"Beaver, european",230,230,230,Slender Woodoats,230,rpillman6d,6/29/2023,8/19/2023
231,340,Cape Barren goose,231,231,231,Scholander's Navel Lichen,231,bmarshallsay6e,8/3/2023,1/18/2023
232,615,Kelp gull,232,232,232,Rocky Mountain Fescue,232,ajiggens6f,5/25/2023,9/2/2023
233,824,"Squirrel, grey-footed",233,233,233,Kashmir Cypress,233,cchatres6g,6/9/2023,12/22/2022
234,142,"Lion, south american sea",234,234,234,Sasswood,234,kmeagher6h,12/4/2022,8/28/2023
235,661,"Stork, yellow-billed",235,235,235,Michelia,235,jkenwrick6i,5/20/2023,9/28/2022
236,982,"Rhinoceros, white",236,236,236,Caralluma,236,amabbott6j,5/31/2023,4/20/2023
237,921,"Swan, trumpeter",237,237,237,Poorjoe,237,hsone6k,4/23/2023,3/10/2023
238,805,European wild cat,238,238,238,Slender Threeseed Mercury,238,jsmalman6l,7/11/2023,2/2/2023
239,664,Land iguana,239,239,239,Bush's Umbrella-sedge,239,bbielfeld6m,1/4/2023,11/20/2022
240,797,"Eagle, african fish",240,240,240,Dotted Lichen,240,mstanhope6n,9/16/2022,3/28/2023
241,520,Yellow-crowned night heron,241,241,241,Chiricahua Mountain Brookweed,241,cdurston6o,6/3/2023,3/2/2023
242,435,Fat-tailed dunnart,242,242,242,Watson's Snapdragon,242,ldutchburn6p,7/19/2023,4/14/2023
243,338,Mallard,243,243,243,Rim Lichen,243,pburgott6q,4/6/2023,11/15/2022
244,129,Woodchuck,244,244,244,Earth Loosestrife,244,adanilov6r,12/29/2022,5/2/2023
245,909,"Wolf, timber",245,245,245,Garden Tomato,245,fparkin6s,8/8/2023,1/2/2023
246,829,"Buffalo, african",246,246,246,Pygmy Groundcherry,246,cgettings6t,8/21/2023,2/16/2023
247,718,"Partridge, coqui",247,247,247,Balsamroot,247,bpeerless6u,3/21/2023,8/10/2023
248,312,"Falcon, prairie",248,248,248,Grayleaf Red Raspberry,248,storvey6v,3/1/2023,8/17/2023
249,107,"Ferret, black-footed",249,249,249,Nellie Cory Cactus,249,ohovee6w,8/31/2023,12/23/2022
250,388,Emerald green tree boa,250,250,250,Nineleaf Biscuitroot,250,gsine6x,8/28/2023,12/15/2022
251,511,"Sheep, red",251,251,251,Healing Croton,251,mmaddox6y,10/31/2022,1/6/2023
252,558,"Weaver, lesser masked",252,252,252,Fernald's Milkvetch,252,afarmery6z,4/21/2023,11/10/2022
253,639,"Fox, pampa gray",253,253,253,Johnny-jump-up,253,jsalvidge70,1/13/2023,4/4/2023
254,393,American alligator,254,254,254,Mountain Arnica,254,rhexam71,3/1/2023,4/12/2023
255,958,"Ibis, sacred",255,255,255,Glossy Privet,255,aharrill72,5/17/2023,3/19/2023
256,751,Red-billed hornbill,256,256,256,Bigleaf Lupine,256,wweedon73,5/23/2023,7/20/2023
257,720,Grant's gazelle,257,257,257,Yosemite Sedge,257,rfigiovanni74,11/2/2022,4/15/2023
258,124,Yak,258,258,258,James' Buckwheat,258,zpettus75,10/18/2022,5/13/2023
259,206,Greater adjutant stork,259,259,259,Thelidium Lichen,259,hapfler76,4/8/2023,3/10/2023
260,574,Ring-tailed possum,260,260,260,Guazuma,260,khelversen77,6/26/2023,12/25/2022
261,820,Common long-nosed armadillo,261,261,261,Baker's Delphinium,261,owheatland78,9/14/2022,2/26/2023
262,432,"Dove, ring",262,262,262,Sensitive Partridge Pea,262,seakly79,12/24/2022,4/7/2023
263,660,"Badger, honey",263,263,263,Entolasia,263,gdeny7a,3/30/2023,6/7/2023
264,547,"Squirrel, european red",264,264,264,Summer Snowflake,264,gjervoise7b,10/20/2022,6/23/2023
265,83,Crested porcupine,265,265,265,Common Leopardbane,265,cstpierre7c,4/18/2023,5/3/2023
266,417,"Otter, north american river",266,266,266,Howell's Triteleia,266,lbortoloni7d,10/18/2022,1/21/2023
267,686,"Hornbill, red-billed",267,267,267,Ambiguous Calcareous Moss,267,hsimson7e,2/21/2023,12/13/2022
268,317,Eurasian hoopoe,268,268,268,Rogue River Stonecrop,268,dmacduffie7f,5/18/2023,3/15/2023
269,339,"Dolphin, bottle-nose",269,269,269,Hoopvine,269,smcginnis7g,8/19/2023,7/18/2023
270,342,Andean goose,270,270,270,Antitrichia Moss,270,pmilleton7h,11/7/2022,6/30/2023
271,706,"Lark, horned",271,271,271,Rimrock Milkvetch,271,cofinan7i,8/12/2023,12/3/2022
272,667,"Buffalo, american",272,272,272,Chaparral Bush Monkeyflower,272,dizhakov7j,2/28/2023,6/10/2023
273,147,Steenbok,273,273,273,Rhapidophyllum,273,sladlow7k,6/14/2023,10/5/2022
274,789,Asian water dragon,274,274,274,Giant Milkweed,274,cswadon7l,7/9/2023,5/8/2023
275,155,Gray heron,275,275,275,Schott's Stickpea,275,fkernaghan7m,6/20/2023,1/4/2023
276,908,"Oryx, beisa",276,276,276,Narrowleaf Thorow Wax,276,orich7n,9/17/2022,10/7/2022
277,884,North American porcupine,277,277,277,Polyblastia Lichen,277,jiacabucci7o,10/17/2022,3/28/2023
278,96,"Bandicoot, short-nosed",278,278,278,Wallich's Bindweed,278,fmathivet7p,12/9/2022,4/19/2023
279,628,"Dunnart, fat-tailed",279,279,279,Wingleaf Soapberry,279,bolivazzi7q,12/2/2022,9/18/2022
280,302,"Wallaroo, common",280,280,280,Great Basin Popcornflower,280,oalliband7r,7/30/2023,10/27/2022
281,805,Asian openbill,281,281,281,Sixweeks Fescue,281,bbarrott7s,1/25/2023,6/20/2023
282,129,Tiger snake,282,282,282,Schimper's Ditrichum Moss,282,emcgilvray7t,7/30/2023,7/27/2023
283,572,"Wallaroo, common",283,283,283,Spanish Cedar,283,badess7u,11/9/2022,2/15/2023
284,491,"Ferret, black-footed",284,284,284,Jointfir,284,dcowill7v,4/12/2023,4/7/2023
285,549,"Dove, little brown",285,285,285,Hairy Arnica,285,astephen7w,3/5/2023,1/4/2023
286,296,Palm squirrel,286,286,286,Cyrtandra,286,llittlefield7x,7/29/2023,1/15/2023
287,893,Blue catfish,287,287,287,Fremont's Chaffbush,287,jscoon7y,5/26/2023,10/25/2022
288,110,White-fronted bee-eater,288,288,288,Bluebowls,288,tmargetts7z,1/23/2023,3/2/2023
289,504,"Gull, swallow-tail",289,289,289,Tucson Pricklypear,289,hkehri80,4/17/2023,1/15/2023
290,114,"Barbet, levaillant's",290,290,290,Atwood's Cryptantha,290,shynam81,10/16/2022,8/3/2023
291,363,"Grenadier, purple",291,291,291,Wild Oat,291,mkinder82,12/19/2022,7/26/2023
292,653,Water legaan,292,292,292,California Spineflower,292,cdarrow83,11/22/2022,2/1/2023
293,512,Barasingha deer,293,293,293,Rapp's Monoblastia Lichen,293,icaraher84,8/26/2023,9/22/2022
294,654,"Beaver, north american",294,294,294,Cabbage Rose,294,tclowton85,1/29/2023,5/3/2023
295,575,Rainbow lory,295,295,295,Wildrye,295,fbloxsum86,9/29/2022,2/22/2023
296,603,Vervet monkey,296,296,296,Relicina Lichen,296,dfinnis87,5/15/2023,1/9/2023
297,454,Magistrate black colobus,297,297,297,Lepanthopsis,297,mknatt88,9/27/2022,3/1/2023
298,384,"Sandgrouse, yellow-throated",298,298,298,Pine,298,bfaughey89,5/18/2023,2/20/2023
299,115,"Pigeon, feral rock",299,299,299,Shaggy Dwarf Morning-glory,299,hwylder8a,3/17/2023,10/20/2022
300,608,Silver gull,300,300,300,False Christmas Cactus,300,ggrimmert8b,6/4/2023,5/28/2023
301,960,"Fox, savanna",301,301,301,Twoflowered Rush,301,aduly8c,10/26/2022,10/6/2022
302,161,"Fowl, helmeted guinea",302,302,302,Gray Chickensage,302,kmcentagart8d,10/11/2022,5/16/2023
303,465,White-cheeked pintail,303,303,303,Oakleaf Hydrangea,303,mivanonko8e,10/13/2022,2/14/2023
304,309,White-bellied sea eagle,304,304,304,Slenderstem Lessingia,304,jlaskey8f,2/20/2023,12/25/2022
305,39,Rufous tree pie,305,305,305,Blue Skin Lichen,305,arodenborch8g,5/16/2023,3/25/2023
306,458,"Ibis, puna",306,306,306,Finger Dogshade,306,swhittock8h,12/14/2022,11/19/2022
307,540,Black-collared barbet,307,307,307,Palmer's Buckwheat,307,mgiddy8i,6/12/2023,1/16/2023
308,45,"Shrike, crimson-breasted",308,308,308,Turgid Aulacomnium Moss,308,akorn8j,12/3/2022,12/20/2022
309,953,Kelp gull,309,309,309,Longleaf Bush Lupine,309,kwormstone8k,2/2/2023,1/10/2023
310,743,Agile wallaby,310,310,310,Gypsum Blazingstar,310,cgenike8l,6/20/2023,1/31/2023
311,551,"Crocodile, nile",311,311,311,Wolf's Willow,311,pgenike8m,1/21/2023,8/6/2023
312,891,Agama lizard (unidentified),312,312,312,Waterclover,312,knizet8n,3/18/2023,4/10/2023
313,750,Southern lapwing,313,313,313,Northern Singlespike Sedge,313,fmcfaell8o,12/18/2022,2/4/2023
314,616,Emu,314,314,314,Hooker's Desert Sandwort,314,rmacaughtrie8p,7/15/2023,9/12/2022
315,172,Feral rock pigeon,315,315,315,Shellbark Hickory,315,ecromer8q,6/26/2023,5/29/2023
316,307,Indian mynah,316,316,316,Littleleaf Brickellbush,316,vlougheed8r,10/8/2022,5/15/2023
317,352,"Hare, arctic",317,317,317,Yellow Rabbitbrush,317,aallmen8s,10/14/2022,5/17/2023
318,557,Western patch-nosed snake,318,318,318,Haleakala Stenogyne,318,bchalfain8t,3/19/2023,12/8/2022
319,253,Genoveva,319,319,319,Maravillas Milkwort,319,sscaplehorn8u,2/28/2023,2/19/2023
320,107,"Phalarope, grey",320,320,320,Orthotrichum Moss,320,llucchi8v,10/28/2022,9/10/2022
321,831,"Teal, hottentot",321,321,321,French Hybrid Ceanothus,321,etulk8w,4/23/2023,5/30/2023
322,372,Collared lemming,322,322,322,Polymeridium Lichen,322,cjeffs8x,8/1/2023,5/20/2023
323,701,Nyala,323,323,323,Lithrea,323,dwrittle8y,8/2/2023,4/2/2023
324,462,Aardwolf,324,324,324,Cream Sacs,324,ddemaria8z,6/24/2023,2/8/2023
325,39,"Boa, cook's tree",325,325,325,Phaeographis,325,kbernadzki90,7/21/2023,1/28/2023
326,163,"Stork, black-necked",326,326,326,Congea,326,dnaerup91,10/28/2022,10/4/2022
327,713,Tiger snake,327,327,327,Rio Grande Leaf-flower,327,sshowler92,2/8/2023,12/20/2022
328,453,Superb starling,328,328,328,Sonoran Indian Mallow,328,gilett93,2/5/2023,3/15/2023
329,185,"Bison, american",329,329,329,Longstem Milkwort,329,mduerden94,8/8/2023,8/24/2023
330,683,Ring-tailed gecko,330,330,330,Murray's Rockcress,330,jmedcraft95,5/31/2023,6/25/2023
331,857,Common nighthawk,331,331,331,Tenweeks Stock,331,jgisbey96,7/11/2023,4/18/2023
332,721,Steller sea lion,332,332,332,Wright's Milkpea,332,lmakinson97,3/20/2023,7/24/2023
333,749,"Albatross, galapagos",333,333,333,Pearthorn,333,ndumbrill98,12/11/2022,6/24/2023
334,391,Large-eared bushbaby,334,334,334,Gyalidea Lichen,334,abaylis99,4/5/2023,12/8/2022
335,42,Violet-crested turaco,335,335,335,Siberian Iris,335,ebusse9a,6/4/2023,4/2/2023
336,525,Lappet-faced vulture,336,336,336,Palmer's Goldenbush,336,afermin9b,10/2/2022,7/27/2023
337,123,Black-backed jackal,337,337,337,Splendid Mariposa Lily,337,npierson9c,3/10/2023,12/22/2022
338,434,Indian star tortoise,338,338,338,Intermountain Indian Breadroot,338,mburrell9d,8/26/2023,6/11/2023
339,262,Caracal,339,339,339,Sheep Laurel,339,thuntingford9e,9/16/2022,4/11/2023
340,69,"Baboon, savanna",340,340,340,Colorado Butterfly Plant,340,gfogden9f,3/13/2023,8/15/2023
341,336,Southern elephant seal,341,341,341,European Beachgrass,341,mskeffington9g,12/4/2022,8/10/2023
342,577,Grey phalarope,342,342,342,Rhodotypos,342,cmackay9h,8/14/2023,4/10/2023
343,850,Common goldeneye,343,343,343,Strand Tangantangan,343,lsantori9i,9/4/2023,4/8/2023
344,564,"Porcupine, crested",344,344,344,Variegated Scouringrush,344,amacpaike9j,11/21/2022,1/18/2023
345,631,Ring-tailed possum,345,345,345,Cole's Hawthorn,345,iwinwright9k,3/9/2023,6/13/2023
346,211,Two-banded monitor,346,346,346,Least Adderstongue,346,hmillar9l,6/12/2023,7/1/2023
347,611,"Vulture, white-rumped",347,347,347,Sechium,347,gweadick9m,5/10/2023,2/12/2023
348,6,"Vulture, oriental white-backed",348,348,348,Racemed Fiestaflower,348,fmangenot9n,5/31/2023,1/17/2023
349,590,Blackish oystercatcher,349,349,349,Orcutt's Linanthus,349,fpeacocke9o,8/25/2023,5/18/2023
350,484,African skink,350,350,350,Loosestrife,350,bkolakovic9p,12/8/2022,8/28/2023
351,785,"Bushbaby, large-eared",351,351,351,Seductive Entodon Moss,351,cormonde9q,2/11/2023,10/26/2022
352,711,Long-tailed spotted cat,352,352,352,Orange Lichen,352,nbrayne9r,10/28/2022,6/21/2023
353,651,"Flicker, campo",353,353,353,Hairyflower Lovegrass,353,merrichi9s,9/27/2022,9/16/2022
354,662,South American sea lion,354,354,354,Baby Blue Eyes,354,cjoule9t,2/9/2023,9/19/2022
355,3,"Zebra, plains",355,355,355,Red-hot Cat's Tail,355,lsetchfield9u,2/2/2023,4/6/2023
356,849,Giraffe,356,356,356,Cardboard Palm,356,lhadgraft9v,12/31/2022,11/29/2022
357,73,"Possum, western pygmy",357,357,357,Alpine Clover,357,sbendle9w,7/22/2023,11/13/2022
358,696,Blackish oystercatcher,358,358,358,Birchbark Dot Lichen,358,ytresler9x,5/5/2023,10/18/2022
359,740,Sandhill crane,359,359,359,Wideleaf Waterparsnip,359,hlindl9y,7/7/2023,3/9/2023
360,797,Square-lipped rhinoceros,360,360,360,Finger Cup Lichen,360,wbuyers9z,5/15/2023,11/30/2022
361,266,"Rhinoceros, black",361,361,361,Placidiopsis Lichen,361,jspeighta0,2/6/2023,1/11/2023
362,81,Frilled lizard,362,362,362,Tube Lichen,362,dkoopa1,9/18/2022,5/11/2023
363,599,Pallas's fish eagle,363,363,363,Monarch Redstem,363,ksymmonsa2,6/11/2023,11/12/2022
364,866,Stick insect,364,364,364,Eastwood's Milkvetch,364,ddeerra3,3/19/2023,3/13/2023
365,527,South American meadowlark (unidentified),365,365,365,Wool Grass,365,bleggesa4,8/30/2023,10/27/2022
366,200,Eurasian hoopoe,366,366,366,Little Spleenwort,366,bbuscha5,9/25/2022,11/14/2022
367,936,Klipspringer,367,367,367,Cleyera,367,timpeya6,6/10/2023,10/23/2022
368,800,Grey fox,368,368,368,Pinkflower Bindweed,368,mmolloya7,4/17/2023,4/11/2023
369,930,"Siskin, yellow-rumped",369,369,369,Bloody Butcher,369,wearla8,1/21/2023,2/23/2023
370,65,Impala,370,370,370,Blue Plantain Lily,370,gbrogdena9,7/3/2023,8/11/2023
371,865,"Eagle, bateleur",371,371,371,Refugio Manzanita,371,fgeorgesaa,12/12/2022,12/18/2022
372,335,"Godwit, hudsonian",372,372,372,Northern Tansymustard,372,rjakucewiczab,6/14/2023,9/12/2022
373,582,Salmon pink bird eater tarantula,373,373,373,Obovate Buckthorn,373,rsedgemoreac,9/10/2022,4/11/2023
374,567,Margay,374,374,374,Rosy Pussypaws,374,jdanglad,1/9/2023,8/12/2023
375,9,Red-necked wallaby,375,375,375,Torch-ginger,375,bmccrossanae,9/23/2022,6/28/2023
376,4,"Tenrec, tailless",376,376,376,Garden Sorrel,376,dbiggaf,4/9/2023,5/5/2023
377,493,"Raven, white-necked",377,377,377,'ahakea,377,rmeadowsag,2/12/2023,5/2/2023
378,479,"Macaque, rhesus",378,378,378,Ox Eye,378,dcrumbleholmeah,11/28/2022,1/29/2023
379,340,Pied cormorant,379,379,379,Earth Lichen,379,ureolfiai,12/4/2022,7/31/2023
380,951,"Hawk, red-tailed",380,380,380,Whiteroot Rush,380,omeredythaj,6/23/2023,2/16/2023
381,311,Short-beaked echidna,381,381,381,Rydberg's Sunflower,381,smaccostoak,4/1/2023,4/18/2023
382,447,"Kiskadee, great",382,382,382,American Century Plant,382,hhuffal,4/17/2023,6/14/2023
383,515,"Waxbill, blue",383,383,383,Creeping Aster,383,mpetrassoam,12/21/2022,4/25/2023
384,275,Red and blue macaw,384,384,384,Arizona Popcornflower,384,ldueran,4/13/2023,10/5/2022
385,962,"Gazer, sun",385,385,385,Willamette Fleabane,385,pwortonao,6/27/2023,4/30/2023
386,307,"Rattlesnake, horned",386,386,386,Slaty Gum,386,lworsallsap,11/23/2022,12/27/2022
387,430,Eurasian badger,387,387,387,Running Oak,387,cmizzenaq,7/31/2023,11/18/2022
388,582,"Bleu, red-cheeked cordon",388,388,388,Seabeach Evening Primrose,388,enyssenar,6/19/2023,5/25/2023
389,386,"Wallaby, bennett's",389,389,389,Dot Lichen,389,semmas,4/14/2023,5/30/2023
390,569,Mouflon,390,390,390,Tufted Alpine Saxifrage,390,ctristramat,9/14/2022,4/9/2023
391,321,Rufous-collared sparrow,391,391,391,Queen's-veil Maiden Fern,391,jskeatau,8/17/2023,4/14/2023
392,913,"Crane, stanley",392,392,392,Hooded Arrowhead,392,ktackettav,7/17/2023,10/6/2022
393,344,"Eland, common",393,393,393,Cinnamon Woodfern,393,nbodiamaw,3/24/2023,5/7/2023
394,466,"Vulture, white-headed",394,394,394,Hammock Velvetseed,394,epaulax,9/2/2023,1/19/2023
395,47,Common rhea,395,395,395,Low Rough Aster,395,byuryevay,2/22/2023,9/4/2023
396,597,"Colobus, magistrate black",396,396,396,Chilean Podocarp,396,aseeaz,5/31/2023,3/30/2023
397,375,"Turaco, violet-crested",397,397,397,Balsamroot,397,gdelaceyb0,2/4/2023,10/20/2022
398,795,Common palm civet,398,398,398,Smartweed Leaf-flower,398,clathanb1,1/15/2023,6/4/2023
399,203,Jaguarundi,399,399,399,Golden Gladecress,399,cmerrisonb2,11/12/2022,5/30/2023
400,881,Common waterbuck,400,400,400,Autumn Olive,400,esabbertonb3,12/14/2022,6/6/2023
401,957,"Stork, painted",401,401,401,Shining Pepperweed,401,lfrickeb4,10/29/2022,4/2/2023
402,76,Ocelot,402,402,402,Kalalau Schiedea,402,icorbittb5,10/14/2022,3/16/2023
403,130,Southern brown bandicoot,403,403,403,Velvetleaf Indian Mallow,403,rbladderb6,1/28/2023,9/3/2023
404,842,Silver-backed fox,404,404,404,Beavertail Pricklypear,404,dchesswasb7,3/31/2023,3/3/2023
405,856,"Seal, northern fur",405,405,405,Lyall's Angelica,405,trobberechtb8,1/20/2023,8/19/2023
406,74,"Quoll, eastern",406,406,406,Crownvetch,406,ckeatb9,2/8/2023,9/14/2022
407,924,Cereopsis goose,407,407,407,Bristly Hawkbit,407,gpietersenba,2/25/2023,7/9/2023
408,24,Royal tern,408,408,408,Trans-pecos Stinkleaf,408,pallardbb,8/2/2023,1/15/2023
409,199,Galapagos mockingbird,409,409,409,Heartleaf Cliffbrake,409,gcraikerbc,10/23/2022,8/1/2023
410,807,American alligator,410,410,410,Strychnine Tree,410,aodownebd,11/27/2022,11/19/2022
411,971,Blue-breasted cordon bleu,411,411,411,Pennsylvania Blackberry,411,shoundsombe,3/14/2023,6/17/2023
412,499,"Marmot, yellow-bellied",412,412,412,Eggyolk Lichen,412,tharrawaybf,12/11/2022,9/13/2022
413,404,"Trotter, lily",413,413,413,Oneflower Beaksedge,413,tcrosonbg,8/1/2023,9/12/2022
414,850,"Peccary, white-lipped",414,414,414,Caribbean Clearweed,414,hreesbh,3/15/2023,4/27/2023
415,567,"Duck, comb",415,415,415,Whitemouth Dayflower,415,bcowlandbi,8/18/2023,4/22/2023
416,365,"Stork, painted",416,416,416,Seagrass,416,ahovellbj,10/10/2022,7/10/2023
417,720,Hyrax,417,417,417,Torrey's Milkvetch,417,amarzellabk,2/21/2023,1/21/2023
418,41,American alligator,418,418,418,'ohe Kiko 'ola,418,chitterbl,10/31/2022,10/27/2022
419,483,Kongoni,419,419,419,Phaeorrhiza Lichen,419,aespinozabm,5/7/2023,5/11/2023
420,323,Snowy sheathbill,420,420,420,Hybrid Violet,420,awanstallbn,7/22/2023,1/24/2023
421,459,Wattled crane,421,421,421,Whitefoot Lipfern,421,etrattonbo,7/14/2023,7/27/2023
422,972,"Wapiti, elk,",422,422,422,Poorjoe,422,fcadaganbp,11/15/2022,4/2/2023
423,988,"Butterfly, tropical buckeye",423,423,423,Columbia Gorge Rockcress,423,elavallinbq,9/2/2023,1/19/2023
424,943,Swallow-tail gull,424,424,424,Ciliate Saxifrage,424,mvogelbr,2/1/2023,3/3/2023
425,624,"Otter, small-clawed",425,425,425,Keyflower,425,rannottbs,12/1/2022,7/19/2023
426,914,"Darter, african",426,426,426,Hawai'i Nutrush,426,braymenbt,2/13/2023,3/12/2023
427,786,"Glider, feathertail",427,427,427,Savannah Milkweed,427,lloudbu,7/13/2023,12/22/2022
428,662,"Fox, silver-backed",428,428,428,Seely's Catchfly,428,abowickbv,6/17/2023,5/21/2023
429,293,"Dog, black-tailed prairie",429,429,429,Fringeleaf Necklacepod,429,jbillinbw,7/27/2023,8/21/2023
430,20,"Monitor, water",430,430,430,Cochise Horseweed,430,fmacgovernbx,5/3/2023,7/22/2023
431,875,"Booby, blue-faced",431,431,431,Pacific Mistletoe,431,rriguardby,2/22/2023,5/13/2023
432,456,"Otter, canadian river",432,432,432,Dwarf Bilberry,432,rgladhillbz,3/30/2023,5/12/2023
433,181,"Hen, sage",433,433,433,Farr's Willow,433,dgeevec0,4/25/2023,6/23/2023
434,298,Woylie,434,434,434,Fringed Lichen,434,bongec1,5/23/2023,10/15/2022
435,744,Trumpeter swan,435,435,435,Fowler's Knotweed,435,ljurnc2,10/22/2022,1/2/2023
436,84,Red-tailed phascogale,436,436,436,Vesicarpa,436,nscarrattc3,4/15/2023,4/5/2023
437,887,"Hawk, ferruginous",437,437,437,Basin Saltbush,437,clipmannc4,8/31/2023,8/19/2023
438,414,Pale white-eye,438,438,438,Brazilian Copperlily,438,kbedellc5,10/28/2022,8/19/2023
439,223,Malachite kingfisher,439,439,439,Disjuct Melanelia Lichen,439,ngerwoodc6,9/17/2022,5/21/2023
440,898,"Roller, lilac-breasted",440,440,440,Balsam Bird's-foot Trefoil,440,rjanicekc7,6/27/2023,8/12/2023
441,886,Sugar glider,441,441,441,Tacky Goldenweed,441,dhalvosenc8,12/19/2022,4/12/2023
442,97,Red-tailed phascogale,442,442,442,Greater Brown Sedge,442,pdimitriadesc9,12/1/2022,4/17/2023
443,922,"Screamer, crested",443,443,443,Plitt's Xanthoparmelia Lichen,443,wcostallca,12/4/2022,7/6/2023
444,531,Tammar wallaby,444,444,444,Kokea Lau Li'i,444,jmouldercb,2/1/2023,5/21/2023
445,214,"Pintail, bahama",445,445,445,Rocky Mountain Maple,445,amacavaddycc,4/21/2023,5/22/2023
446,869,House crow,446,446,446,Small Burnet,446,ccopnallcd,1/25/2023,2/26/2023
447,923,European wild cat,447,447,447,Timber Oatgrass,447,rcumberlandce,8/16/2023,12/7/2022
448,93,Bat-eared fox,448,448,448,Leptodon Moss,448,wspelmancf,5/23/2023,8/16/2023
449,789,"Legaan, Monitor (unidentified)",449,449,449,Holywood,449,thandrockcg,6/17/2023,7/3/2023
450,13,Hottentot teal,450,450,450,Australian Treefern,450,eevemych,12/2/2022,7/20/2023
451,735,Coke's hartebeest,451,451,451,Refractohilum Lichen,451,eaizikovitzci,1/23/2023,11/4/2022
452,27,"Lemur, lesser mouse",452,452,452,Spike Lichen,452,sraysdalecj,10/16/2022,12/16/2022
453,144,Sociable weaver,453,453,453,Autumn Olive,453,sdableck,7/26/2023,6/4/2023
454,705,"Stork, openbill",454,454,454,Rush Peteria,454,lklaascl,3/13/2023,10/11/2022
455,515,"Leopard, indian",455,455,455,Uinta Ragwort,455,jolomancm,6/12/2023,8/18/2023
456,890,"Vulture, king",456,456,456,Premna,456,gcouttscn,5/26/2023,4/24/2023
457,560,Columbian rainbow boa,457,457,457,Helicteres,457,lisgateco,11/11/2022,10/9/2022
458,465,Hoffman's sloth,458,458,458,Leastdaisy,458,mwildmancp,9/12/2022,10/11/2022
459,612,Frog (unidentified),459,459,459,Weeping Willow,459,lpapecq,9/18/2022,11/20/2022
460,895,Eastern indigo snake,460,460,460,Coenogonium Lichen,460,fmccrilliscr,4/12/2023,12/30/2022
461,323,Paca,461,461,461,Arctic Bentgrass,461,scabenacs,7/21/2023,6/6/2023
462,911,Yellow-brown sungazer,462,462,462,Nodding Blue-eyed Grass,462,crustanct,6/28/2023,7/23/2023
463,620,Magnificent frigate bird,463,463,463,Edwards Plateau Hoarypea,463,fdrapercu,5/16/2023,5/5/2023
464,950,"Otter, giant",464,464,464,Western Wart Lichen,464,bbattlestonecv,10/5/2022,9/5/2023
465,290,Suricate,465,465,465,Wild Lime,465,kdunbletoncw,7/10/2023,5/28/2023
466,601,"Colobus, black and white",466,466,466,Reindeer Lichen,466,jheyballcx,12/3/2022,6/20/2023
467,203,North American river otter,467,467,467,Humboldt River Milkvetch,467,craspincy,7/17/2023,4/28/2023
468,20,"Tortoise, indian star",468,468,468,Chinese Raspwort,468,pcharlecz,4/4/2023,8/4/2023
469,203,"Hare, arctic",469,469,469,Musk Mallow,469,hroddd0,10/15/2022,3/2/2023
470,6,"Cat, kaffir",470,470,470,Blanchard's Hawthorn,470,cdurdyd1,8/7/2023,1/22/2023
471,648,"Kudu, greater",471,471,471,Ray Hymenopappus,471,aparlord2,12/8/2022,10/2/2022
472,872,Swamp deer,472,472,472,Treefern,472,wrozyckid3,4/13/2023,4/6/2023
473,374,"Crow, pied",473,473,473,Littlelobed Lichen,473,dsteard4,1/3/2023,4/5/2023
474,715,European stork,474,474,474,Manroot,474,gcarnierd5,5/16/2023,4/17/2023
475,323,Ground monitor (unidentified),475,475,475,Redcenter Morning-glory,475,mlightewoodd6,11/9/2022,4/19/2023
476,315,"Bleu, blue-breasted cordon",476,476,476,Silver Sagebrush,476,atoplingd7,7/21/2023,2/25/2023
477,131,"Eagle, bald",477,477,477,Cacao,477,jkitchingmand8,3/12/2023,4/8/2023
478,812,"Goose, spur-winged",478,478,478,Yellowishwhite Bladderwort,478,camyesd9,1/4/2023,4/10/2023
479,43,"Turtle, snake-necked",479,479,479,Derris,479,byoungeda,7/18/2023,4/18/2023
480,402,Woylie,480,480,480,Wooton's Threeawn,480,agilhespydb,4/16/2023,9/23/2022
481,766,Black-footed ferret,481,481,481,Pseudolmedia,481,xissakovdc,4/5/2023,5/8/2023
482,332,Mountain goat,482,482,482,American Chestnut,482,fstalfdd,3/31/2023,8/5/2023
483,403,"Hyena, striped",483,483,483,Sweetclover,483,mgeggiede,12/10/2022,11/15/2022
484,536,Southern right whale,484,484,484,Lackschewitz's Fleabane,484,mtupperdf,11/22/2022,12/31/2022
485,849,"Kangaroo, black-faced",485,485,485,False Brome,485,bjeanequindg,4/12/2023,4/19/2023
486,38,"Spoonbill, european",486,486,486,St. Lawrence Waterhorehound,486,gflaxmandh,3/22/2023,11/13/2022
487,946,"Goose, knob-nosed",487,487,487,Varigated Yellow Pond-lily,487,lickovdi,6/18/2023,3/23/2023
488,164,Malay squirrel (unidentified),488,488,488,Common Dandelion,488,pterreydj,4/8/2023,4/26/2023
489,538,"Bustard, kori",489,489,489,Lecidea Lichen,489,eburgoynedk,1/14/2023,9/4/2023
490,608,"Porcupine, prehensile-tailed",490,490,490,Pauper's-tea,490,cstapforddl,12/1/2022,12/20/2022
491,908,"Squirrel, grey-footed",491,491,491,Lesser Marsh St. Johnswort,491,acalvarddm,2/20/2023,12/5/2022
492,784,Red brocket,492,492,492,Brown's Waterleaf,492,abassetdn,8/8/2023,2/17/2023
493,184,Pine squirrel,493,493,493,Angelica,493,imadendo,2/24/2023,7/21/2023
494,278,Netted rock dragon,494,494,494,Mammoth Wildrye,494,hbilneydp,5/11/2023,2/13/2023
495,113,"Cat, cape wild",495,495,495,Ferngrass,495,rewertdq,9/21/2022,9/15/2022
496,385,"Cormorant, pied",496,496,496,Krapovickasia,496,pallsepdr,5/29/2023,8/29/2023
497,84,"Pintail, white-cheeked",497,497,497,Macadamia,497,lwoodruffds,8/26/2023,8/2/2023
498,46,Sugar glider,498,498,498,Lanceleaf Springbeauty,498,fisseleedt,2/13/2023,9/18/2022
499,820,White-tailed deer,499,499,499,Woody Milkvetch,499,scollatondu,7/29/2023,10/2/2022
500,124,Mountain duck,500,500,500,White Bergamot,500,gluetchforddv,11/2/2022,2/1/2023
501,796,Rhesus macaque,501,501,501,Castetter's Milkvetch,501,cnoeldw,9/13/2022,3/31/2023
502,247,Red-knobbed coot,502,502,502,Rhizome Bluegrass,502,ccooldx,4/17/2023,6/4/2023
503,846,Argalis,503,503,503,Pistia,503,tunderdowndy,11/21/2022,3/14/2023
504,804,Secretary bird,504,504,504,Coastal Sandalwood,504,mmckennydz,6/17/2023,8/3/2023
505,262,"Possum, common brushtail",505,505,505,Richardson's Phlox,505,rlazenburye0,12/26/2022,3/8/2023
506,376,Yellow-billed hornbill,506,506,506,Beard Lichen,506,njamarye1,12/20/2022,1/5/2023
507,874,White-headed vulture,507,507,507,Lehua,507,nzuanellie2,3/23/2023,9/20/2022
508,63,Worm snake (unidentified),508,508,508,Great Leadtree,508,mheadane3,2/21/2023,7/27/2023
509,771,"Weaver, lesser masked",509,509,509,Kellogg Snapdragon,509,redinburoughe4,1/13/2023,11/3/2022
510,444,Barking gecko,510,510,510,Texas Snakeweed,510,kwilese5,10/11/2022,1/16/2023
511,191,Red-billed toucan,511,511,511,Parrotweed,511,cchaveye6,4/11/2023,8/13/2023
512,770,"Fox, savanna",512,512,512,Foxtail Prairie Clover,512,gcurteise7,5/29/2023,1/23/2023
513,758,Pocket gopher (unidentified),513,513,513,Hooded Pitcherplant,513,esabatee8,9/7/2023,7/1/2023
514,477,Northern elephant seal,514,514,514,Ortela,514,mbradene9,4/5/2023,4/1/2023
515,931,"Squirrel, richardson's ground",515,515,515,Dwarf-flower,515,adarlestonea,7/17/2023,7/23/2023
516,917,Savannah deer (unidentified),516,516,516,Waterhyssop,516,cpriskeb,2/21/2023,6/28/2023
517,353,"Sheep, red",517,517,517,Redmammee,517,csatterleyec,1/31/2023,12/17/2022
518,765,Native cat,518,518,518,Hornschuch's Molendoa Moss,518,tmillaned,8/16/2023,5/17/2023
519,967,Crested screamer,519,519,519,Squirreltail Fescue,519,rshoubridgeee,5/2/2023,8/9/2023
520,729,"Capuchin, brown",520,520,520,Mycoglaena,520,rmcglynnef,10/7/2022,5/11/2023
521,247,"Weaver, red-billed buffalo",521,521,521,Seaside Sandplant,521,cpercheg,10/28/2022,3/23/2023
522,987,"Macaw, blue and yellow",522,522,522,Aspalathus,522,fshepheardeh,1/11/2023,4/25/2023
523,554,Lesser mouse lemur,523,523,523,Puerto Rico Magnolia,523,cvaughtonei,9/24/2022,11/21/2022
524,119,"Raccoon, common",524,524,524,Softhair Coneflower,524,vcritchleyej,6/23/2023,2/28/2023
525,439,Crested screamer,525,525,525,Florida Ticktrefoil,525,lfoshek,4/12/2023,6/19/2023
526,312,Mississippi alligator,526,526,526,Strigula Lichen,526,gfendlenel,11/4/2022,7/23/2023
527,140,"Gull, swallow-tail",527,527,527,Lemmon's Milkweed,527,flarcherem,12/9/2022,1/7/2023
528,652,"Macaque, pig-tailed",528,528,528,Canyon Grape,528,xnewingen,10/27/2022,1/14/2023
529,231,Southern ground hornbill,529,529,529,Colombian Bonnet Orchid,529,laguilareo,10/21/2022,1/16/2023
530,741,Jaguar,530,530,530,Texas Crinklemat,530,gsilversmidep,10/23/2022,2/17/2023
531,930,Koala,531,531,531,Madagascar Ragwort,531,pcliftoneq,11/12/2022,10/11/2022
532,814,Killer whale,532,532,532,Whorled Marshpennywort,532,jmcmurtyer,11/5/2022,9/21/2022
533,449,"Goldeneye, barrows",533,533,533,Siberian Melicgrass,533,mseebrightes,7/7/2023,3/29/2023
534,886,Agouti,534,534,534,Eggyolk Lichen,534,gmallinsonet,7/13/2023,1/15/2023
535,624,"Sloth, hoffman's",535,535,535,Potato Dwarfdandelion,535,mwayteu,11/9/2022,12/8/2022
536,635,Southern elephant seal,536,536,536,Pricklypear,536,zgarrettev,5/5/2023,9/14/2022
537,564,"Eagle, tawny",537,537,537,Lecidea Lichen,537,ddoolandew,1/6/2023,5/25/2023
538,701,Whip-tailed wallaby,538,538,538,Broadleaf Arrowhead,538,rcraufordex,9/8/2022,5/31/2023
539,688,Southern elephant seal,539,539,539,Algerita,539,rdammarelley,6/28/2023,7/18/2023
540,237,Red-necked phalarope,540,540,540,Pepper,540,cmoaksonez,3/22/2023,11/17/2022
541,460,Andean goose,541,541,541,Turner's Hawthorn,541,estarsmearef0,4/24/2023,1/13/2023
542,648,Common brushtail possum,542,542,542,Scentless Mock Orange,542,mpaddingdonf1,2/13/2023,3/21/2023
543,607,Southern screamer,543,543,543,Lesser Snakeroot,543,aruffyf2,10/26/2022,10/28/2022
544,483,"Turtle, long-necked",544,544,544,Hamilton's Milkvetch,544,cblaxtonf3,10/23/2022,2/17/2023
545,528,Wild turkey,545,545,545,Gaga Lipfern,545,miacavonef4,10/25/2022,3/23/2023
546,424,Lilac-breasted roller,546,546,546,Red Larkspur,546,efaddenf5,9/17/2022,1/10/2023
547,936,Peregrine falcon,547,547,547,Texas Pipewort,547,bjacquemotf6,9/22/2022,4/21/2023
548,320,"Parakeet, rose-ringed",548,548,548,Silver Cinquefoil,548,mouslemf7,8/4/2023,8/13/2023
549,972,Ground legaan,549,549,549,Premna,549,escotsonf8,11/2/2022,9/30/2022
550,577,"Lemur, ring-tailed",550,550,550,Cornel-leaf Whitetop,550,cmitkcovf9,3/11/2023,4/3/2023
551,325,Canada goose,551,551,551,Columbia Needlegrass,551,tbullmanfa,1/20/2023,2/26/2023
552,829,Cape clawless otter,552,552,552,Blue Ridge Sedge,552,cweirfb,9/13/2022,3/5/2023
553,434,"Ringtail, common",553,553,553,Texas Sotol,553,sharfletefc,12/2/2022,9/27/2022
554,267,Curve-billed thrasher,554,554,554,Jerusalem Cherry,554,jcockleyfd,4/9/2023,10/13/2022
555,260,Violet-crested turaco,555,555,555,Lindheimer's Hogwort,555,efellfe,8/31/2023,5/21/2023
556,911,Magellanic penguin,556,556,556,Smooth Chastetree,556,sdreamerff,1/11/2023,3/27/2023
557,624,"Quoll, eastern",557,557,557,Alpine Yellow Fleabane,557,fyurkovfg,4/2/2023,4/15/2023
558,253,Springhare,558,558,558,Melaspilea Lichen,558,sclerefh,11/30/2022,3/24/2023
559,162,"Rattlesnake, horned",559,559,559,California Gilia,559,rudenfi,12/12/2022,3/12/2023
560,172,"Pelican, eastern white",560,560,560,Koehler's Rockcress,560,egentiryfj,2/8/2023,1/3/2023
561,138,Bushbuck,561,561,561,Holy Dandelion,561,ndoogoodfk,3/12/2023,6/20/2023
562,114,"Wallaby, river",562,562,562,Storm Sedge,562,gsmyfl,1/10/2023,8/7/2023
563,775,Racer snake,563,563,563,Bigelow's Tansyaster,563,heburahfm,5/18/2023,11/26/2022
564,414,Worm snake (unidentified),564,564,564,Colombian Coca,564,kmallabyfn,2/23/2023,8/10/2023
565,856,Ring-tailed coatimundi,565,565,565,Protoparmelia Lichen,565,kbeedfo,11/29/2022,2/26/2023
566,186,"Shrike, crimson-breasted",566,566,566,Giant Red Indian Paintbrush,566,stremaylefp,3/29/2023,3/16/2023
567,305,Hyrax,567,567,567,Texas Sundrops,567,nkirwoodfq,12/13/2022,2/3/2023
568,197,Koala,568,568,568,California Eryngo,568,eamphlettfr,4/18/2023,5/5/2023
569,540,"Stork, openbill",569,569,569,Underwood's Spikemoss,569,ldumberrillfs,5/4/2023,6/6/2023
570,805,"Raccoon, common",570,570,570,San Gabriel Bluecup,570,mstobbesft,5/27/2023,11/24/2022
571,206,"Mynah, common",571,571,571,Palo De Gallina,571,dcadoganfu,8/29/2023,1/27/2023
572,84,Crimson-breasted shrike,572,572,572,Bristleleaf Chaffhead,572,bclemmettfv,4/18/2023,12/10/2022
573,757,Violet-crested turaco,573,573,573,Elegant Cinquefoil,573,lsaulterfw,8/14/2023,3/11/2023
574,450,"Armadillo, nine-banded",574,574,574,Oahu False Ohelo,574,babyssfx,10/12/2022,11/6/2022
575,572,"Eagle, bald",575,575,575,White Pea,575,mrivelfy,10/19/2022,6/26/2023
576,985,Mountain duck,576,576,576,Zarzabacoa Galana,576,ejanowskifz,4/4/2023,7/1/2023
577,874,Red phalarope,577,577,577,Isachne,577,igrennang0,4/16/2023,6/7/2023
578,777,"Creeper, black-tailed tree",578,578,578,Marsh Elder,578,achatainierg1,5/26/2023,11/9/2022
579,433,"Squirrel, red",579,579,579,Calycera,579,phoudmontg2,2/11/2023,12/30/2022
580,177,Hanuman langur,580,580,580,Pineland Dwarf Mistletoe,580,dmcgilvrayg3,9/27/2022,9/25/2022
581,241,Sable antelope,581,581,581,Holy Basil,581,jgiamellig4,5/9/2023,3/12/2023
582,127,Wild boar,582,582,582,Brown's Indian Rosewood,582,pbigleyg5,6/21/2023,3/31/2023
583,216,California sea lion,583,583,583,Frost Grape,583,swheaterg6,7/18/2023,11/29/2022
584,130,"Monitor, white-throated",584,584,584,Paiute Suncup,584,ayounieg7,12/8/2022,7/10/2023
585,853,"Coot, red-knobbed",585,585,585,Red Trillium,585,akleinschmidtg8,3/25/2023,1/2/2023
586,330,Great kiskadee,586,586,586,Soot Lichen,586,kcausleyg9,10/29/2022,6/24/2023
587,607,Frog (unidentified),587,587,587,Dense-spike Blackroot,587,jfreakega,6/21/2023,9/2/2023
588,899,Common duiker,588,588,588,Redpurple Beebalm,588,gwaghornegb,5/31/2023,7/30/2023
589,384,Wood pigeon,589,589,589,White River Beardtongue,589,mraysgc,9/24/2022,6/12/2023
590,375,"Vulture, white-rumped",590,590,590,Bluecurls,590,jburgisegd,5/10/2023,11/2/2022
591,821,"Kookaburra, laughing",591,591,591,Truckee Lecidea Lichen,591,cdawkinsge,9/18/2022,11/14/2022
592,298,"Buffalo, african",592,592,592,Limpleaf Spikemoss,592,ngarzgf,9/25/2022,12/17/2022
593,857,Galapagos penguin,593,593,593,Yellow Himalayan Raspberry,593,bellulgg,12/12/2022,2/1/2023
594,528,Honey badger,594,594,594,Lawngrass,594,sweathersgh,2/8/2023,2/5/2023
595,342,"Macaque, japanese",595,595,595,Feather-head Knapweed,595,gotteygi,11/13/2022,8/13/2023
596,907,Palm squirrel,596,596,596,Roadside Woodrose,596,dchilderhousegj,4/17/2023,8/9/2023
597,857,White-throated toucan,597,597,597,Twisted Draba,597,lwishkargk,3/5/2023,11/9/2022
598,485,Meerkat,598,598,598,Twisted Cleomella,598,zslarkgl,6/7/2023,3/3/2023
599,397,"Waxbill, blue",599,599,599,Chinese Sprangletop,599,smcleangm,2/16/2023,2/19/2023
600,35,Giant otter,600,600,600,Autumn Coralroot,600,sgwilliamsgn,10/26/2022,6/3/2023
601,493,"Ibis, sacred",601,601,601,Scaly Dwarf Polypody,601,iflaoniergo,12/7/2022,2/3/2023
602,122,"Grouse, greater sage",602,602,602,Oriental Sweetgum,602,hboldengp,12/16/2022,11/6/2022
603,169,Marabou stork,603,603,603,Northwest Territory Sedge,603,mlorrimangq,2/12/2023,2/15/2023
604,84,"Phascogale, red-tailed",604,604,604,Gulf Swampweed,604,kambrogioligr,2/17/2023,3/5/2023
605,459,"Gazelle, thomson's",605,605,605,Santa Lucia Dwarf Rush,605,cdoumerquegs,1/8/2023,8/16/2023
606,559,"Siskin, yellow-rumped",606,606,606,Wild Bushbean,606,epaszekgt,3/22/2023,12/7/2022
607,679,Cobra (unidentified),607,607,607,Dragontree,607,twyberngu,4/28/2023,6/1/2023
608,276,"Pelican, great white",608,608,608,Thorne's Beaksedge,608,rnortheygv,2/23/2023,8/8/2023
609,772,"Ass, asiatic wild",609,609,609,Lemmon's Catchfly,609,lswantongw,11/20/2022,1/10/2023
610,398,Blue catfish,610,610,610,Fall Panicgrass,610,rraundgx,9/25/2022,8/6/2023
611,521,Striated heron,611,611,611,Himalayan Berry,611,celkingtongy,5/18/2023,5/11/2023
612,869,Western pygmy possum,612,612,612,Varicellaria Lichen,612,spietrzykgz,2/26/2023,7/13/2023
613,928,"Mongoose, small indian",613,613,613,Pale Callicostella Moss,613,adampierh0,9/21/2022,1/30/2023
614,853,"Insect, stick",614,614,614,Palmer's Clover,614,shulseh1,3/1/2023,1/16/2023
615,901,"Elk, Wapiti",615,615,615,Kopa,615,crosendorfh2,8/23/2023,1/28/2023
616,139,Malachite kingfisher,616,616,616,Twoleaf Nightshade,616,gmeachenh3,8/27/2023,10/11/2022
617,513,Aardwolf,617,617,617,Buckley's Beardtongue,617,belletth4,11/20/2022,2/24/2023
618,194,"Boa, mexican",618,618,618,Dictyonema Lichen,618,efretterh5,9/29/2022,6/15/2023
619,110,Polar bear,619,619,619,Sargent's Catchfly,619,wtitcomh6,10/16/2022,8/3/2023
620,446,"Vulture, egyptian",620,620,620,Hutchins' Ulota Moss,620,dblazeh7,3/29/2023,3/16/2023
621,335,American beaver,621,621,621,Evening Primrose,621,jpoundsfordh8,4/23/2023,12/28/2022
622,118,Black-cheeked waxbill,622,622,622,Calymperes Moss,622,cmaidensh9,5/26/2023,2/10/2023
623,614,Turtle (unidentified),623,623,623,Gregg's Poreleaf,623,usegarha,6/29/2023,12/11/2022
624,953,"Eland, common",624,624,624,Sweetflower Rockjasmine,624,dgettinshb,8/25/2023,4/22/2023
625,38,"Trumpeter, green-winged",625,625,625,African Mammyapple,625,bgrebbinhc,11/4/2022,1/15/2023
626,329,Chital,626,626,626,Microsorum,626,pmoulsdallhd,2/7/2023,7/16/2023
627,332,"Gazelle, grant's",627,627,627,Hairybroom,627,kbuckeridgehe,7/3/2023,1/17/2023
628,161,Richardson's ground squirrel,628,628,628,Arboreal Bentspur Orchid,628,cjostanhf,7/29/2023,7/16/2023
629,779,"Wallaby, tammar",629,629,629,Mountain Carpet Clover,629,lasquezhg,8/16/2023,11/14/2022
630,570,"Ibis, sacred",630,630,630,Volcanic Melicope,630,jsommerhh,2/4/2023,11/24/2022
631,302,African pied wagtail,631,631,631,Rough Bluegrass,631,awebbehi,2/18/2023,7/15/2023
632,84,"Wagtail, african pied",632,632,632,Green Orchid,632,agarsidehj,6/28/2023,7/17/2023
633,598,"Cat, jungle",633,633,633,Milkmaids,633,rstannushk,5/31/2023,1/29/2023
634,362,Australian masked owl,634,634,634,Florida Yellow Flax,634,cunderhillhl,8/16/2023,8/4/2023
635,395,South American puma,635,635,635,Trachybryum Moss,635,thaighhm,6/30/2023,11/4/2022
636,11,Lesser double-collared sunbird,636,636,636,Ragged Lichen,636,bcottiehn,8/5/2023,5/6/2023
637,932,"Constrictor, eastern boa",637,637,637,English Lavender,637,nstrodderho,6/28/2023,6/28/2023
638,674,"Macaw, blue and yellow",638,638,638,Herb Of The Cross,638,nallenhp,10/14/2022,2/28/2023
639,238,Giant girdled lizard,639,639,639,Swampforest Clermontia,639,awoodingtonhq,10/30/2022,6/27/2023
640,928,Fringe-eared oryx,640,640,640,Pumice Alpinegold,640,lalleryhr,11/19/2022,10/4/2022
641,723,Chimpanzee,641,641,641,Vezdaea Lichen,641,tprendeguesths,7/7/2023,6/10/2023
642,164,Magellanic penguin,642,642,642,Arctic Funaria Moss,642,hfilipychevht,5/16/2023,10/12/2022
643,175,North American red fox,643,643,643,Alpine Laurel,643,kreschkehu,2/1/2023,2/25/2023
644,281,Snowy egret,644,644,644,Greater Rockjasmine,644,atagghv,1/31/2023,6/3/2023
645,675,"Macaque, rhesus",645,645,645,Fringed False Pimpernel,645,ppounderhw,7/24/2023,6/22/2023
646,200,"Buffalo, american",646,646,646,Pine Needlegrass,646,blazarehx,5/16/2023,1/8/2023
647,384,"Armadillo, nine-banded",647,647,647,River Hawthorn,647,gcoursehy,3/3/2023,9/18/2022
648,722,"Stork, white",648,648,648,Bramblefern,648,ashottinhz,4/22/2023,1/29/2023
649,176,"Boa, malagasy ground",649,649,649,Fir Dwarf Mistletoe,649,bsecombei0,5/28/2023,10/11/2022
650,447,Lappet-faced vulture,650,650,650,Antigonon,650,bdunckleyi1,3/9/2023,12/2/2022
651,255,"Dragon, frilled",651,651,651,Manyhead Rush,651,pslydei2,7/14/2023,4/10/2023
652,326,White-throated toucan,652,652,652,Howell's Alkaligrass,652,bsillwoodi3,7/28/2023,9/3/2023
653,544,"Owl, burrowing",653,653,653,Water Spangles,653,swaymonti4,2/11/2023,2/1/2023
654,559,Whip-tailed wallaby,654,654,654,Knobcone Pine,654,dstrephani5,8/19/2023,10/23/2022
655,342,"Grouse, greater sage",655,655,655,Bukhara Fleeceflower,655,sfoadi6,9/23/2022,8/22/2023
656,543,Pocket gopher (unidentified),656,656,656,Spinyhair Blazingstar,656,cdudneyi7,3/29/2023,1/23/2023
657,218,Yellow-necked spurfowl,657,657,657,Echinocystis,657,gwhymarki8,1/23/2023,12/31/2022
658,235,Plains zebra,658,658,658,Arabian Jasmine,658,hridgesi9,10/11/2022,5/27/2023
659,498,"Kangaroo, brush-tailed rat",659,659,659,Parish's Broomrape,659,ldemarcoia,3/19/2023,8/16/2023
660,934,"Possum, common brushtail",660,660,660,One-leaf Cape Tulip,660,ccookesib,3/29/2023,10/11/2022
661,828,Puna ibis,661,661,661,Locoweed,661,aingleic,10/20/2022,8/6/2023
662,86,"Thrasher, curve-billed",662,662,662,Greenland Brachythecium Moss,662,harndtid,8/4/2023,7/24/2023
663,1,Cheetah,663,663,663,Glacier Buttercup,663,lcolvieie,7/15/2023,11/14/2022
664,856,Green vine snake,664,664,664,Orange Lichen,664,btinmouthif,6/26/2023,9/21/2022
665,726,Wild boar,665,665,665,Sticky Tofieldia,665,mscollanig,6/22/2023,1/31/2023
666,113,Collared lemming,666,666,666,Hemlock Rosette Grass,666,gcroxonih,8/22/2023,4/7/2023
667,408,Agama lizard (unidentified),667,667,667,Fendlerbush,667,tpuddephattii,8/14/2023,4/5/2023
668,301,African red-eyed bulbul,668,668,668,Torrey's Milkvetch,668,cdaffernij,7/15/2023,5/21/2023
669,906,Red-shouldered glossy starling,669,669,669,Goose Tongue,669,mpadillaik,7/15/2023,9/1/2023
670,460,"Penguin, galapagos",670,670,670,Dancinglady Orchid,670,cgibbonsonil,2/23/2023,9/3/2023
671,788,African ground squirrel (unidentified),671,671,671,Stinking Milkvetch,671,ggorstim,3/7/2023,11/7/2022
672,815,"Gecko, barking",672,672,672,Fairbanks Annual Indian Paintbrush,672,cmcmullenin,4/29/2023,3/26/2023
673,157,Guerza,673,673,673,Orange Lichen,673,keasterbrookio,5/25/2023,6/9/2023
674,27,"Legaan, water",674,674,674,Gilia,674,hroubyip,6/19/2023,10/24/2022
675,196,"Shrike, southern white-crowned",675,675,675,California Indigobush,675,rbritianiq,7/20/2023,3/16/2023
676,291,"Antechinus, brown",676,676,676,Sundew,676,rresideir,6/5/2023,4/26/2023
677,402,Baleen whale,677,677,677,Parks' Beeblossom,677,rdufouris,8/25/2023,10/28/2022
678,83,"Jackal, black-backed",678,678,678,Jesup's Hawthorn,678,obenjaminit,5/31/2023,5/13/2023
679,911,"Dik, kirk's dik",679,679,679,Southern Woodfern,679,dgoodletiu,4/11/2023,4/25/2023
680,266,Klipspringer,680,680,680,Arctic Bluegrass,680,mpendockiv,7/4/2023,10/7/2022
681,555,Ground legaan,681,681,681,Clove,681,bmangenotiw,7/1/2023,4/27/2023
682,501,Black spider monkey,682,682,682,Pennsylvania Clubmoss,682,gaynsleyix,5/8/2023,7/25/2023
683,964,Savanna fox,683,683,683,Daisy Bush,683,nfritcheiy,3/15/2023,12/13/2022
684,105,Lily trotter,684,684,684,Vanda,684,eknappeniz,6/6/2023,5/27/2023
685,926,Emerald-spotted wood dove,685,685,685,Short's Spreading Chervil,685,bhuglandj0,1/18/2023,5/28/2023
686,579,European stork,686,686,686,Smooth Melanelia Lichen,686,mspantonj1,10/8/2022,2/7/2023
687,248,Fairy penguin,687,687,687,Wrinkleleaf Goldenrod,687,pbradderj2,11/9/2022,8/17/2023
688,825,Cormorant (unidentified),688,688,688,Ripley's Springparsley,688,hvignauxj3,2/23/2023,5/11/2023
689,657,Old world fruit bat (unidentified),689,689,689,Hernandia,689,chasseklj4,1/30/2023,1/31/2023
690,122,Southern elephant seal,690,690,690,Hook-leaf Mallee,690,kderringtonj5,12/26/2022,2/9/2023
691,18,"Lemur, ring-tailed",691,691,691,Parry's Sedge,691,ckeizmanj6,5/29/2023,11/13/2022
692,7,Blue fox,692,692,692,Rim Lichen,692,ptreneerj7,12/8/2022,6/21/2023
693,336,"Eagle, pallas's fish",693,693,693,Ditrichum Moss,693,csnaryj8,2/18/2023,9/20/2022
694,606,White-nosed coatimundi,694,694,694,Cape Marigold,694,lkasselj9,3/4/2023,5/23/2023
695,830,"Shrike, crimson-breasted",695,695,695,Whitestem Pondweed,695,cuccelija,4/29/2023,11/29/2022
696,637,"Dragon, komodo",696,696,696,Shining Lady's Tresses,696,wparkinsonjb,12/23/2022,9/22/2022
697,938,"Spider, wolf",697,697,697,Firecracker Flower,697,efenichjc,1/10/2023,11/20/2022
698,147,Vervet monkey,698,698,698,Denuded Pseudoleskea Moss,698,jwoodyattjd,8/12/2023,12/18/2022
699,433,Tsessebe,699,699,699,Cushion Cryptantha,699,jroobottomje,8/26/2023,5/14/2023
700,984,"Insect, stick",700,700,700,Centerville Brazos-mint,700,tnecrewsjf,5/30/2023,1/8/2023
701,122,"Iguana, land",701,701,701,Wart Lichen,701,mmckeejg,9/5/2023,9/16/2022
702,308,Long-finned pilot whale,702,702,702,Thelidium Lichen,702,rmeeusjh,10/9/2022,11/21/2022
703,206,Ground legaan,703,703,703,Variegated Orange Lichen,703,npovlsenji,6/11/2023,4/5/2023
704,957,Indian tree pie,704,704,704,Santa Monica Lecidea Lichen,704,awilflingjj,6/27/2023,9/9/2022
705,720,Hawk-headed parrot,705,705,705,Spreading Pygmyleaf,705,jungerjk,2/1/2023,1/1/2023
706,823,"Peccary, collared",706,706,706,Star Duckweed,706,jroggeronejl,12/2/2022,11/27/2022
707,672,"Lizard, goanna",707,707,707,Slender Bog Orchid,707,bpickworthjm,6/20/2023,7/22/2023
708,536,Lesser flamingo,708,708,708,Pacific Yarrow,708,tabbeyjn,7/18/2023,6/26/2023
709,706,Common duiker,709,709,709,China Tortula Moss,709,gaplinjo,1/13/2023,4/11/2023
710,464,"Hartebeest, coke's",710,710,710,Jasmine Tobacco,710,sdavidjp,11/17/2022,11/25/2022
711,625,"Hawk, ferruginous",711,711,711,Giant Woollystar,711,bwinbornjq,12/8/2022,9/5/2023
712,414,"Heron, gray",712,712,712,White Rattlesnakeroot,712,gwlochjr,1/15/2023,8/11/2023
713,342,Ring-tailed gecko,713,713,713,Denuded Dicranodontium Moss,713,tsutcliffjs,10/12/2022,1/9/2023
714,725,"Dog, african wild",714,714,714,Pubescent Western Needlegrass,714,gbucklandjt,10/21/2022,2/3/2023
715,677,Striped skunk,715,715,715,Frogwood,715,cdamsellju,8/21/2023,2/14/2023
716,30,Silver-backed fox,716,716,716,Cypresshead Groundcherry,716,nmccritchiejv,6/12/2023,7/31/2023
717,573,Violet-eared waxbill,717,717,717,Sulphur-flower Buckwheat,717,sdebrettjw,9/29/2022,7/19/2023
718,727,Komodo dragon,718,718,718,Ragged Lichen,718,kmcmurrayjx,1/5/2023,9/4/2023
719,362,"Rattlesnake, eastern diamondback",719,719,719,Guard Withe,719,bmacquirejy,1/15/2023,3/10/2023
720,858,"Barbet, levaillant's",720,720,720,Largeflower Yellow False Foxglove,720,zaersjz,9/5/2023,3/10/2023
721,131,Arboral spiny rat,721,721,721,Hyeronima,721,tslogravek0,11/13/2022,8/16/2023
722,416,Water legaan,722,722,722,Featherleaf Springparsley,722,leastmentk1,1/11/2023,5/14/2023
723,56,Red and blue macaw,723,723,723,Falcaria,723,jwileyk2,9/19/2022,11/27/2022
724,975,"Bear, black",724,724,724,Miner's Lettuce,724,hbearhamk3,6/24/2023,12/10/2022
725,974,Sage hen,725,725,725,Western Purple Cranesbill,725,emacguinessk4,9/16/2022,10/2/2022
726,551,"Lechwe, kafue flats",726,726,726,Purple Rattlesnakeroot,726,hiacivellik5,8/2/2023,1/24/2023
727,79,"Bee-eater, carmine",727,727,727,Questionable Rush,727,pcreasek6,8/22/2023,10/12/2022
728,227,Mountain lion,728,728,728,Coues' Cassia,728,iivanyushkink7,10/21/2022,6/14/2023
729,938,Woodrat (unidentified),729,729,729,Low Rattlebox,729,kmeadowcroftk8,5/23/2023,8/28/2023
730,588,Two-toed tree sloth,730,730,730,Redclay Suncup,730,gkedsliek9,5/28/2023,7/4/2023
731,952,"Alligator, american",731,731,731,Royal Snoutbean,731,lhaslegraveka,12/16/2022,12/2/2022
732,215,Eastern diamondback rattlesnake,732,732,732,Horsehair Lichen,732,jskellingtonkb,12/16/2022,10/23/2022
733,580,Paca,733,733,733,Seashore Bluegrass,733,gnussiikc,8/10/2023,12/25/2022
734,325,"Lion, steller's sea",734,734,734,Arctic Star Campylium Moss,734,abreacherkd,6/28/2023,5/22/2023
735,310,Suricate,735,735,735,Lemon Beebrush,735,cfinlanke,4/15/2023,10/11/2022
736,709,Lesser mouse lemur,736,736,736,Beatley's Clover,736,shaytonkf,9/10/2022,8/15/2023
737,184,"Snake, racer",737,737,737,Duchesnea,737,vsaxelbykg,5/14/2023,10/16/2022
738,20,Indian peacock,738,738,738,Idaho Fescue,738,mtzarkh,5/17/2023,7/1/2023
739,420,Red-capped cardinal,739,739,739,Arkansas Dozedaisy,739,acravenki,12/17/2022,4/12/2023
740,610,"Grouse, greater sage",740,740,740,Toothed Pogonatum Moss,740,bsellenskj,12/8/2022,1/6/2023
741,153,Sociable weaver,741,741,741,Small Baby Blue Eyes,741,bdowdkk,3/31/2023,11/30/2022
742,812,Great skua,742,742,742,Rinodina Lichen,742,rpicotkl,1/3/2023,3/31/2023
743,296,Sage grouse,743,743,743,Streamside Bryum Moss,743,lbockmasterkm,6/14/2023,8/17/2023
744,33,Indian leopard,744,744,744,Italian Alder,744,aovellkn,6/5/2023,10/3/2022
745,813,Snake (unidentified),745,745,745,Loogootee Blackberry,745,rcullaghko,8/10/2023,12/18/2022
746,635,"Deer, mule",746,746,746,Nevada Goldenrod,746,cpattisonkp,9/13/2022,12/13/2022
747,923,"Dolphin, striped",747,747,747,Bertholletia,747,scassellskq,9/30/2022,6/19/2023
748,874,Ring-tailed possum,748,748,748,Arizona Scaly Polypody,748,mfitzharriskr,4/20/2023,8/20/2023
749,409,"Dragon, western bearded",749,749,749,Tracy's Thistle,749,bkilbournks,10/18/2022,4/9/2023
750,201,"Lion, african",750,750,750,Piedmont Roseling,750,nburhillkt,3/22/2023,7/12/2023
751,277,Common palm civet,751,751,751,Acacia,751,lcantoku,3/23/2023,9/11/2022
752,572,"Goose, cereopsis",752,752,752,Biennial Woollywhite,752,anenokv,8/22/2023,2/4/2023
753,230,Margay,753,753,753,Moist Sowthistle,753,ehollierkw,10/11/2022,1/17/2023
754,16,Pygmy possum,754,754,754,Elegant Spikerush,754,mseeleykx,4/22/2023,8/30/2023
755,332,"Kangaroo, black-faced",755,755,755,California Gilia,755,lnussenky,3/9/2023,8/10/2023
756,760,"Bustard, kori",756,756,756,Fernaldia,756,yubankskz,8/27/2023,6/25/2023
757,443,Common langur,757,757,757,Tuberous Vervain,757,llathel0,3/15/2023,11/22/2022
758,11,Savanna baboon,758,758,758,Redspine Fishhook Cactus,758,atheisl1,6/29/2023,11/9/2022
759,742,Manatee,759,759,759,Naked Buckwheat,759,fhailesl2,5/30/2023,8/20/2023
760,296,Greater sage grouse,760,760,760,Limestone Snakevine,760,spostiansl3,7/25/2023,8/4/2023
761,212,Violet-crested turaco,761,761,761,Hardheads,761,stinsonl4,10/25/2022,10/6/2022
762,546,Meerkat,762,762,762,Antilles Fanpetals,762,bwindhaml5,5/27/2023,3/11/2023
763,916,"Rat, arboral spiny",763,763,763,Cypress Swamp Sedge,763,vescotl6,3/1/2023,4/23/2023
764,149,Kinkajou,764,764,764,Platte River Milkvetch,764,bzanninil7,2/10/2023,10/13/2022
765,948,Golden eagle,765,765,765,Wideleaf Waterparsnip,765,ekyddel8,2/24/2023,2/21/2023
766,531,"Brocket, brown",766,766,766,Dwarf Checkerbloom,766,irannellsl9,7/24/2023,4/5/2023
767,871,"Otter, giant",767,767,767,Peltula Lichen,767,mfassonla,1/24/2023,9/17/2022
768,297,Lesser double-collared sunbird,768,768,768,Garden Vetch,768,ajacquemelb,2/23/2023,5/19/2023
769,359,"Squirrel, european red",769,769,769,Smooth Strongbark,769,bbenticklc,1/10/2023,7/20/2023
770,791,"Jackal, asiatic",770,770,770,Orange Lichen,770,caudreyld,5/20/2023,7/4/2023
771,846,Pallas's fish eagle,771,771,771,Drummond's Skullcap,771,soldallle,9/19/2022,8/11/2023
772,960,North American porcupine,772,772,772,Macrotyloma,772,rperellilf,8/13/2023,5/20/2023
773,456,Red brocket,773,773,773,Harbour's Beardtongue,773,tbeaushawlg,12/21/2022,12/14/2022
774,600,Australian brush turkey,774,774,774,Hasse's Thelocarpon Lichen,774,eiskowlh,6/23/2023,11/26/2022
775,258,"Trumpeter, green-winged",775,775,775,Louisiana Parmotrema Lichen,775,abringloeli,5/7/2023,1/22/2023
776,171,Wolf spider,776,776,776,Mountain Ironwort,776,askeermerlj,10/16/2022,2/4/2023
777,140,"Turaco, violet-crested",777,777,777,Jelly Lichen,777,ssnaddinlk,10/11/2022,6/1/2023
778,221,"Waterbuck, defassa",778,778,778,Peruvian Groundcherry,778,emcgeacheyll,3/22/2023,5/26/2023
779,542,Cattle egret,779,779,779,Spoonshape Barbara's Buttons,779,hgathlm,7/16/2023,9/23/2022
780,179,Sable antelope,780,780,780,Eucalyptus,780,hsandlandln,1/6/2023,9/1/2023
781,36,House crow,781,781,781,Point Reyes Ceanothus,781,sjagsonlo,2/19/2023,12/13/2022
782,930,Southern white-crowned shrike,782,782,782,Slenderfruit Willowherb,782,tstamperlp,1/26/2023,3/10/2023
783,221,Hoary marmot,783,783,783,Foxtail Wheatgrass,783,lsheerlq,6/12/2023,5/17/2023
784,312,"Woodpecker, red-headed",784,784,784,Inyo Princesplume,784,dmachonlr,10/29/2022,7/31/2023
785,963,"Crow, american",785,785,785,Small Carpetgrass,785,jsangols,8/19/2023,10/24/2022
786,513,Common genet,786,786,786,Hairy Nightshade,786,pwoolamlt,11/14/2022,8/16/2023
787,210,Blue duck,787,787,787,Gambian Dayflower,787,agrundeylu,2/21/2023,4/11/2023
788,654,Small-spotted genet,788,788,788,Bigelow's Willow,788,omoyerlv,12/28/2022,1/30/2023
789,286,Miner's cat,789,789,789,Spanish Stenocereus,789,ddowelllw,12/2/2022,2/24/2023
790,626,"Stork, black-necked",790,790,790,Franklin Tree,790,dalvarolx,5/17/2023,12/5/2022
791,308,European badger,791,791,791,Molokai False Lobelia,791,skobpally,8/1/2023,4/25/2023
792,124,"Waxbill, blue",792,792,792,Basil Mountainmint,792,abridgenlz,7/21/2023,2/9/2023
793,296,White-necked stork,793,793,793,Calla Lily,793,tgunsonm0,1/24/2023,9/16/2022
794,287,"Antelope, four-horned",794,794,794,Coastal Plain Goldenaster,794,blennardem1,10/20/2022,10/22/2022
795,353,Great horned owl,795,795,795,Hairy Hawkweed,795,mfredim2,2/3/2023,9/25/2022
796,203,"Sungazer, yellow-brown",796,796,796,Sinningia,796,ckabschm3,6/1/2023,1/25/2023
797,384,Australian brush turkey,797,797,797,Purple Deadnettle,797,ibeaginm4,5/1/2023,11/7/2022
798,539,"Cat, cape wild",798,798,798,Eastern Purple Coneflower,798,agwylltm5,9/19/2022,5/23/2023
799,526,"Porcupine, indian",799,799,799,Grassleaf Ticktrefoil,799,calejandrom6,3/2/2023,7/11/2023
800,322,"Fox, north american red",800,800,800,Aleutian Wildrye,800,rmcnairm7,6/27/2023,2/2/2023
801,961,"Capuchin, black-capped",801,801,801,Bradshaw's Desertparsley,801,nwaggittm8,3/28/2023,10/10/2022
802,381,Woodchuck,802,802,802,Trailing Yellow Loosestrife,802,cstanerm9,6/24/2023,7/22/2023
803,646,Sportive lemur,803,803,803,Water-starwort,803,cokynsillaghema,7/1/2023,2/2/2023
804,452,"Cardinal, red-capped",804,804,804,Globe Yellowcress,804,arawsthornmb,7/17/2023,7/26/2023
805,990,"Antelope, four-horned",805,805,805,Lecidea Lichen,805,lbettensonmc,3/27/2023,6/8/2023
806,444,African black crake,806,806,806,Shoreline Seapurslane,806,mhugkmd,10/17/2022,9/4/2023
807,556,"Cat, miner's",807,807,807,Deltoid Balsamroot,807,siscowitzme,11/6/2022,1/14/2023
808,183,"Peacock, indian",808,808,808,Largeleaf Sandwort,808,ehysommf,7/12/2023,4/9/2023
809,984,White-throated monitor,809,809,809,Balloonbush,809,bcripwellmg,10/21/2022,5/9/2023
810,927,"Squirrel, smith's bush",810,810,810,White Marsh Marigold,810,rscotchbourougemh,6/4/2023,1/4/2023
811,852,"Trotter, lily",811,811,811,Short-hair Cottongrass,811,ckmieciakmi,6/23/2023,10/31/2022
812,397,Neotropic cormorant,812,812,812,Longleaf Starwort,812,bmarinmj,2/9/2023,8/8/2023
813,998,"Lourie, grey",813,813,813,Cyrtandra,813,apeachammk,4/25/2023,10/20/2022
814,696,"Opossum, american virginia",814,814,814,West Indian Hairsedge,814,ititchenml,6/11/2023,2/18/2023
815,744,Green heron,815,815,815,Prairie Phlox,815,gloudenmm,9/28/2022,7/3/2023
816,749,"Godwit, hudsonian",816,816,816,Yellowstem Bushmallow,816,obiggadykemn,6/9/2023,5/12/2023
817,953,Red-tailed cockatoo,817,817,817,Rough Hedgenettle,817,lumfreymo,3/29/2023,3/26/2023
818,891,"Bird, pied butcher",818,818,818,Curlytop Gumweed,818,njakubovicsmp,10/17/2022,3/16/2023
819,222,Western bearded dragon,819,819,819,Syrian Beancaper,819,reverillmq,11/11/2022,5/20/2023
820,497,Green-winged macaw,820,820,820,Cypress Panicgrass,820,baskammr,8/21/2023,7/15/2023
821,692,"Tern, royal",821,821,821,Thompson's Beardtongue,821,mkroinms,9/30/2022,7/20/2023
822,833,Brindled gnu,822,822,822,Caribbean Milkwort,822,belsiemt,9/4/2023,4/21/2023
823,895,Superb starling,823,823,823,Wain's Cup Lichen,823,fcarlisimu,2/12/2023,2/15/2023
824,1000,Large cormorant,824,824,824,Prairie Plantain,824,yodyvoymv,10/4/2022,7/14/2023
825,379,White-winged tern,825,825,825,Limestone Buckwheat,825,bajammw,7/27/2023,12/20/2022
826,403,"Beaver, european",826,826,826,Golden Bellapple,826,bliddellmx,12/4/2022,2/26/2023
827,512,Southern boubou,827,827,827,Canada Thistle,827,egullefantmy,3/18/2023,6/30/2023
828,342,Greater flamingo,828,828,828,Grand Collomia,828,dlittrellmz,12/13/2022,10/31/2022
829,527,Red howler monkey,829,829,829,Chapman's Milkwort,829,naleshintsevn0,1/1/2023,2/2/2023
830,399,Laughing kookaburra,830,830,830,Holo Lupine,830,randreollin1,10/27/2022,4/7/2023
831,97,"Heron, green",831,831,831,California Larkspur,831,ksemechikn2,1/24/2023,1/8/2023
832,343,Asian lion,832,832,832,Contra Costa Goldfields,832,ezavittierin3,9/15/2022,6/28/2023
833,840,Red-cheeked cordon bleu,833,833,833,Arizona Honeysweet,833,kconstantn4,1/23/2023,4/30/2023
834,903,Sloth bear,834,834,834,Pohlia Moss,834,sbraemern5,5/4/2023,8/2/2023
835,471,"Deer, white-tailed",835,835,835,Japanese Honeysuckle,835,bwaldronn6,7/16/2023,1/18/2023
836,223,Lava gull,836,836,836,Blue Woodruff,836,arosparsn7,2/25/2023,11/13/2022
837,91,Stick insect,837,837,837,Palmetto,837,cjachimakn8,12/27/2022,7/23/2023
838,438,Glossy ibis,838,838,838,Hybrid Oak,838,ptodeon9,12/1/2022,8/6/2023
839,892,Southern screamer,839,839,839,Lesser Yellowthroat Gilia,839,jfitzharrisna,4/8/2023,11/11/2022
840,296,Horned puffin,840,840,840,Chupa Gallo,840,cframenb,11/5/2022,7/23/2023
841,651,Mocking cliffchat,841,841,841,Marsh Seedbox,841,mcavanaughnc,11/12/2022,6/15/2023
842,917,Cape white-eye,842,842,842,Aulacomnium Moss,842,ldoumicnd,6/4/2023,4/2/2023
843,147,Arctic ground squirrel,843,843,843,Daisy Desertstar,843,gcalderonne,6/16/2023,10/28/2022
844,815,Common nighthawk,844,844,844,Grand Devil's-claws,844,ttwycrossnf,10/9/2022,3/3/2023
845,327,"Beaver, eurasian",845,845,845,Roundleaf Leather-root,845,speeblesng,4/4/2023,10/22/2022
846,597,Cattle egret,846,846,846,Smallflower Creepingoxeye,846,mtroyesnh,2/22/2023,7/24/2023
847,802,"Dragon, netted rock",847,847,847,Conejito,847,fortlerni,5/10/2023,8/26/2023
848,821,"Admiral, indian red",848,848,848,Ripgut Brome,848,mamynj,7/15/2023,12/25/2022
849,472,"Albatross, galapagos",849,849,849,Glossy Shower,849,dberkowitznk,2/4/2023,12/3/2022
850,961,Mocking cliffchat,850,850,850,Woodland Wild Coffee,850,dpeachernl,11/22/2022,5/11/2023
851,663,"Flycatcher, tyrant",851,851,851,Yosemite Sedge,851,csucrenm,5/19/2023,3/23/2023
852,194,Common zebra,852,852,852,Hemlockparsley,852,cpeachamnn,5/2/2023,12/24/2022
853,881,Sambar,853,853,853,Broadleaf Lupine,853,bcattrallno,2/9/2023,8/24/2023
854,920,Marabou stork,854,854,854,Steere's Sphagnum,854,mjinkinnp,2/8/2023,6/9/2023
855,403,"Turtle, snake-necked",855,855,855,New York Dewberry,855,eguarenq,10/3/2022,6/3/2023
856,182,Little heron,856,856,856,Treadsoftly,856,dmccathienr,3/20/2023,10/26/2022
857,758,Glossy starling (unidentified),857,857,857,Toumey Oak,857,gsommerlyns,12/14/2022,9/21/2022
858,702,Defassa waterbuck,858,858,858,Texas Tansyaster,858,kcreamnt,3/3/2023,6/19/2023
859,591,Mule deer,859,859,859,Susanville Milkvetch,859,bglowachnu,12/17/2022,6/22/2023
860,987,Cougar,860,860,860,Common Bird's-foot,860,aeudallnv,10/6/2022,12/5/2022
861,947,Richardson's ground squirrel,861,861,861,Rainbow Iris,861,ecremennw,2/13/2023,7/18/2023
862,306,"Darter, african",862,862,862,Narrowleaf Crucianella,862,ldeeringnx,12/14/2022,2/28/2023
863,265,"Insect, stick",863,863,863,Parry's Arnica,863,mdrissellny,10/29/2022,6/16/2023
864,36,"Hornbill, southern ground",864,864,864,Wallowa Needlegrass,864,mtrudenz,4/5/2023,8/6/2023
865,465,"Sheathbill, snowy",865,865,865,Twelfth Rush,865,nberthelo0,12/6/2022,1/24/2023
866,509,Caribou,866,866,866,Fetid Goosefoot,866,rgarrawayo1,6/14/2023,9/2/2023
867,786,"Possum, ring-tailed",867,867,867,Macrocoma Moss,867,etemperleyo2,11/22/2022,7/3/2023
868,763,Southern screamer,868,868,868,Oak Mistletoe,868,gtrobeyo3,12/23/2022,6/7/2023
869,258,African bush squirrel,869,869,869,Spleenwort,869,mmoncreifo4,6/2/2023,7/9/2023
870,401,"Langur, gray",870,870,870,Two-color Orange Lichen,870,rmarpleso5,7/24/2023,12/8/2022
871,307,"Ibis, puna",871,871,871,Sedge,871,fclubbo6,12/17/2022,4/15/2023
872,186,Canada goose,872,872,872,Plummer's Cliff Fern,872,fcrushamo7,5/1/2023,10/1/2022
873,793,Nyala,873,873,873,Silky Lupine,873,grussoo8,3/24/2023,3/5/2023
874,346,Cape wild cat,874,874,874,Purplespot Gilia,874,ashufflebothamo9,11/28/2022,12/30/2022
875,24,Bleeding heart monkey,875,875,875,Water Ragwort,875,alinekeroa,3/5/2023,10/1/2022
876,73,"Crane, stanley",876,876,876,Racomitrium Moss,876,kjagoeob,4/8/2023,10/26/2022
877,26,"Gazelle, thomson's",877,877,877,Whiteflower Navelwort,877,ncrossanoc,8/2/2023,9/28/2022
878,832,Grizzly bear,878,878,878,Lecidella Lichen,878,rdavydenkood,10/29/2022,12/1/2022
879,685,"Pheasant, ring-necked",879,879,879,Mariposa Sedge,879,dscoltsoe,9/19/2022,4/28/2023
880,660,Brush-tailed bettong,880,880,880,Globe Dodder,880,aharphamof,2/10/2023,1/1/2023
881,532,"Porcupine, indian",881,881,881,Creole Tea,881,ggaywoodog,11/5/2022,1/13/2023
882,106,Sugar glider,882,882,882,Burr Daisytree,882,schawkleyoh,3/28/2023,8/21/2023
883,240,Emu,883,883,883,Rat's-tail Succulent,883,cduxburyoi,8/19/2023,1/12/2023
884,358,Tiger snake,884,884,884,Elephant Tree,884,kbonifantoj,1/9/2023,11/29/2022
885,776,"Egret, great",885,885,885,Texas Nipple Cactus,885,lnewbiggingok,1/26/2023,2/21/2023
886,779,"Sloth, two-toed tree",886,886,886,Pecos River Skeletonplant,886,smcveyol,5/20/2023,2/21/2023
887,70,"Cobra, egyptian",887,887,887,Grape Ivy,887,bprofitom,4/25/2023,1/15/2023
888,199,"Flamingo, lesser",888,888,888,Common St. Paul's Wort,888,tlidgetton,8/9/2023,1/14/2023
889,532,"Rhea, common",889,889,889,Na'ena'e 'ula,889,rwrightamoo,10/13/2022,5/30/2023
890,212,"Wallaby, euro",890,890,890,Ernodea,890,eharfordop,1/9/2023,8/23/2023
891,972,"Gazelle, thomson's",891,891,891,Hollyhock,891,imailesoq,4/29/2023,5/7/2023
892,894,Hanuman langur,892,892,892,Arthothelium Lichen,892,hgotecliffeor,8/9/2023,5/8/2023
893,915,"Monkey, rhesus",893,893,893,Everniastrum Lichen,893,aiacovoloos,6/23/2023,2/12/2023
894,90,Spur-winged goose,894,894,894,Field Paspalum,894,amachansot,2/18/2023,11/20/2022
895,235,Blue and yellow macaw,895,895,895,South Idaho Onion,895,rpaddyou,8/28/2023,8/27/2023
896,174,Blue and yellow macaw,896,896,896,Beard Lichen,896,kwapplingtonov,11/19/2022,3/15/2023
897,951,"Grouse, sage",897,897,897,Desert Ironwood,897,cbrianceow,1/10/2023,4/19/2023
898,555,"Mongoose, eastern dwarf",898,898,898,Spurge,898,kbambroughox,6/19/2023,1/25/2023
899,263,African wild dog,899,899,899,Codiaeum,899,mabrahamowitczoy,5/15/2023,10/30/2022
900,646,"Goldeneye, common",900,900,900,Tapellaria Lichen,900,nhastingsoz,10/2/2022,8/10/2023
901,806,Black-collared barbet,901,901,901,Alpine Slender Buckwheat,901,ipealingp0,10/18/2022,5/5/2023
902,360,"Teal, hottentot",902,902,902,Woman's Tongue,902,dmanterfieldp1,8/1/2023,8/24/2023
903,79,Snake-necked turtle,903,903,903,Delicate Muhly,903,clicciardiellop2,8/8/2023,1/14/2023
904,178,Yellow-billed hornbill,904,904,904,Grand Fringed Gentian,904,wcongramp3,11/27/2022,7/5/2023
905,224,Blue duck,905,905,905,Cardinal Beardtongue,905,cabazip4,5/6/2023,2/9/2023
906,130,"Heron, goliath",906,906,906,Pseudocrossidium Moss,906,fbentsonp5,6/23/2023,10/20/2022
907,64,Asian water buffalo,907,907,907,Ram's Horn,907,vlyokhinp6,12/12/2022,6/22/2023
908,995,"Chickadee, black-capped",908,908,908,Bryum Moss,908,asprayp7,8/2/2023,2/8/2023
909,363,Frilled dragon,909,909,909,Wright's Goldenrod,909,jwetheredp8,4/25/2023,4/4/2023
910,553,Arctic hare,910,910,910,Flameflower,910,cosannep9,9/14/2022,2/9/2023
911,738,American buffalo,911,911,911,Eaton's Rosette Grass,911,coggerspa,4/16/2023,5/27/2023
912,145,"Otter, oriental short-clawed",912,912,912,Golden Pricklypear,912,mkeplingpb,5/26/2023,2/7/2023
913,100,Common eland,913,913,913,California Goldenbanner,913,acantwellpc,3/28/2023,5/22/2023
914,718,"Penguin, galapagos",914,914,914,Leatherleaf,914,rglavespd,5/29/2023,11/23/2022
915,843,Pampa gray fox,915,915,915,Ralph's Desertwillow,915,pwhittockpe,11/25/2022,6/10/2023
916,899,Numbat,916,916,916,Java Plum,916,cteodoropf,1/30/2023,6/29/2023
917,847,Tailless tenrec,917,917,917,Whorled Milkwort,917,ebilstonpg,2/25/2023,8/17/2023
918,606,"Egret, cattle",918,918,918,Stream Orchid,918,kgurgph,9/23/2022,2/18/2023
919,488,Glossy starling (unidentified),919,919,919,Jute,919,mfusedalepi,4/20/2023,7/27/2023
920,384,"Spurfowl, yellow-necked",920,920,920,Spineflower,920,skapelhofpj,11/19/2022,5/29/2023
921,988,"Badger, eurasian",921,921,921,Shortspike Watermilfoil,921,mreddingpk,2/23/2023,4/29/2023
922,106,"Lemming, collared",922,922,922,Rimmed Lichen,922,kcashleypl,4/25/2023,12/12/2022
923,172,"Badger, american",923,923,923,Showy Nerveray,923,agrottypm,1/20/2023,7/21/2023
924,621,Cuis,924,924,924,Needleleaf Bluet,924,spetschelpn,1/9/2023,10/15/2022
925,712,"White-eye, cape",925,925,925,Running Serviceberry,925,ghaggaspo,10/2/2022,5/23/2023
926,68,"Tamandua, southern",926,926,926,Callistephus,926,jsteedenpp,4/8/2023,8/11/2023
927,309,Japanese macaque,927,927,927,Turniproot,927,cbaigriepq,10/12/2022,3/16/2023
928,372,Roe deer,928,928,928,Shrubby Fivefingers,928,rdunnawaypr,9/15/2022,4/10/2023
929,631,"Wolf, mexican",929,929,929,Tall Tonguefern,929,loverillps,11/28/2022,6/4/2023
930,97,Common shelduck,930,930,930,Bentspur Orchid,930,mhightonpt,10/12/2022,5/26/2023
931,839,Springbok,931,931,931,Japewia Lichen,931,sbeebeepu,6/26/2023,2/20/2023
932,347,Prehensile-tailed porcupine,932,932,932,Smooth Oxeye,932,kcockrenpv,10/15/2022,8/31/2023
933,688,"Otter, giant",933,933,933,Silver Maple,933,mrentcomepw,11/15/2022,12/16/2022
934,865,Blue-tongued lizard,934,934,934,Boykin's Milkwort,934,klingfootpx,6/29/2023,1/8/2023
935,10,"Owl, australian masked",935,935,935,Purple Cushion Fleabane,935,mfishpondpy,3/27/2023,11/24/2022
936,312,Guerza,936,936,936,Mono Lake Lupine,936,vguidettipz,1/5/2023,1/27/2023
937,542,Tammar wallaby,937,937,937,Tumblemustard,937,jlordonq0,12/20/2022,10/7/2022
938,424,Lesser mouse lemur,938,938,938,Wild Tulip,938,cchurcherq1,5/28/2023,11/27/2022
939,324,Indian giant squirrel,939,939,939,Striped Rosemallow,939,cgreatreaxq2,2/6/2023,11/27/2022
940,665,"Flamingo, lesser",940,940,940,Parmotrema Lichen,940,gchoppenq3,1/25/2023,3/19/2023
941,37,"Blackbird, red-winged",941,941,941,Carolina Fluffgrass,941,wtrippackq4,4/30/2023,8/20/2023
942,70,"Cormorant, little",942,942,942,Common Serviceberry,942,mgodbaldq5,2/6/2023,3/20/2023
943,299,"Heron, yellow-crowned night",943,943,943,Pseudoleskeella Moss,943,mbartoschq6,12/4/2022,3/5/2023
944,884,Steller sea lion,944,944,944,Longspike Beardgrass,944,nrigglesfordq7,8/28/2023,3/8/2023
945,65,"Stork, woolly-necked",945,945,945,Variableleaf Bushbean,945,esurguineq8,6/16/2023,7/2/2023
946,376,"Porcupine, north american",946,946,946,Waterhyssop,946,jleipoldq9,3/18/2023,4/26/2023
947,250,Tiger,947,947,947,Acanthus,947,mlampertqa,8/14/2023,1/15/2023
948,60,"Ibis, puna",948,948,948,Fan Clubmoss,948,lbrutonqb,9/21/2022,1/12/2023
949,593,Serval,949,949,949,Paleface,949,nleverentzqc,8/5/2023,1/3/2023
950,96,"Avocet, pied",950,950,950,Brazilian Glorytree,950,rkeerqd,7/19/2023,1/23/2023
951,834,"Macaw, green-winged",951,951,951,Calymperes Moss,951,eneillyqe,11/27/2022,8/2/2023
952,514,"Mongoose, javan gold-spotted",952,952,952,Smallflower Milkvine,952,bantoneyqf,4/2/2023,5/21/2023
953,868,Yellow-necked spurfowl,953,953,953,Hemlock Rosette Grass,953,nmacelroyqg,3/28/2023,9/4/2023
954,812,Seven-banded armadillo,954,954,954,Cobaea Beardtongue,954,dcanetqh,4/27/2023,4/20/2023
955,468,"Lion, australian sea",955,955,955,Dwarf Huckleberry,955,rkarpolqi,11/2/2022,4/28/2023
956,299,Puna ibis,956,956,956,Valley Lessingia,956,vmcneighqj,4/28/2023,10/17/2022
957,569,Tokay gecko,957,957,957,Nightblooming Cereus,957,streweelaqk,5/25/2023,8/27/2023
958,51,"Porcupine, indian",958,958,958,Obovate Andreaea Moss,958,jweekesql,11/1/2022,10/1/2022
959,778,"Shrike, crimson-breasted",959,959,959,Coughbush,959,mlongstaffeqm,11/6/2022,3/19/2023
960,109,American racer,960,960,960,Narrowleaf Evening Primrose,960,vbroadwellqn,9/2/2023,4/1/2023
961,930,Lapwing (unidentified),961,961,961,Ribbon Fern,961,bgiacobilloqo,9/27/2022,9/15/2022
962,55,Field flicker,962,962,962,Oconee Bells,962,evanneqp,4/6/2023,1/7/2023
963,664,Desert spiny lizard,963,963,963,Radiate Fingergrass,963,ayeliashevqq,1/30/2023,12/12/2022
964,679,Sally lightfoot crab,964,964,964,Floating Primrose-willow,964,kroffeqr,1/26/2023,2/3/2023
965,678,"Antelope, sable",965,965,965,Purdy's Fritillary,965,chearthfieldqs,3/23/2023,6/19/2023
966,800,Ring-tailed gecko,966,966,966,Glorytree,966,kspelmanqt,11/16/2022,1/27/2023
967,196,Sun gazer,967,967,967,Illinois Dewberry,967,csoaresqu,11/9/2022,7/5/2023
968,852,"Bandicoot, long-nosed",968,968,968,Owl's-clover,968,dheimannqv,5/4/2023,12/20/2022
969,368,Civet cat,969,969,969,Oklahoma Sedge,969,theretyqw,1/11/2023,2/24/2023
970,790,White-throated kingfisher,970,970,970,Forest Tetramolopium,970,tcroxfordqx,7/4/2023,9/10/2022
971,397,"Rat, desert kangaroo",971,971,971,Panamint Liveforever,971,jdaughertyqy,11/29/2022,1/16/2023
972,197,"Vulture, king",972,972,972,Pinyon Milkvetch,972,apaintainqz,5/28/2023,3/7/2023
973,963,"Openbill, asian",973,973,973,False Goat's Beard,973,pvalentar0,2/2/2023,8/2/2023
974,584,"Stork, black-necked",974,974,974,White Oak,974,ebonifacer1,8/3/2023,9/17/2022
975,996,"Owl, white-browed",975,975,975,Hoary Skullcap,975,kdelaceyr2,4/22/2023,9/2/2023
976,172,"Baboon, yellow",976,976,976,Java Plum,976,tskippingsr3,11/11/2022,7/17/2023
977,589,Ibex,977,977,977,Leioderma Lichen,977,bfennickr4,12/21/2022,5/1/2023
978,46,"Penguin, little blue",978,978,978,Hybrid Pitcherplant,978,ptomblingr5,6/29/2023,4/16/2023
979,243,Nubian bee-eater,979,979,979,Hairy Lettuce,979,acalderar6,4/3/2023,3/20/2023
980,810,"Hawk, red-tailed",980,980,980,Sunolgrass,980,elarrosar7,9/26/2022,6/3/2023
981,137,Yellow-rumped siskin,981,981,981,Cascade Rose,981,gyurchishinr8,7/19/2023,11/5/2022
982,900,North American porcupine,982,982,982,American Black Currant,982,mbashamr9,2/23/2023,3/11/2023
983,618,"Hornbill, red-billed",983,983,983,Near Navarretia,983,acloneyra,9/13/2022,1/11/2023
984,292,Red squirrel,984,984,984,Curvepod Fumewort,984,mgoodhallrb,11/6/2022,11/3/2022
985,790,Zorilla,985,985,985,Alpine Blood Lichen,985,pjubbrc,4/14/2023,12/1/2022
986,606,"Shark, blue",986,986,986,Partridge Pea,986,mmaffionird,2/28/2023,11/20/2022
987,18,"Deer, white-tailed",987,987,987,Plantainleaf Twinsorus Fern,987,vskiltonre,2/13/2023,11/14/2022
988,337,Common nighthawk,988,988,988,Lake Powell Fleabane,988,vchaucerrf,5/14/2023,10/20/2022
989,314,Galapagos penguin,989,989,989,Sri Lanka Privet,989,inolderrg,7/11/2023,9/28/2022
990,305,"Rhea, common",990,990,990,Porsild's Saxifrage,990,hswindleyrh,12/28/2022,4/7/2023
991,200,King vulture,991,991,991,Huachuca Mountain Ragwort,991,ctenwickri,12/25/2022,5/28/2023
992,58,"Skink, african",992,992,992,Knapweed,992,mfiennesrj,5/11/2023,2/22/2023
993,417,Crested bunting,993,993,993,Kidney Bean,993,gsweenyrk,9/7/2023,5/18/2023
994,255,Pied avocet,994,994,994,Shrubland Beggarticks,994,lhannerl,9/9/2022,11/13/2022
995,751,Klipspringer,995,995,995,Thelenella Lichen,995,awallsworthrm,9/27/2022,2/26/2023
996,106,Great cormorant,996,996,996,Leochilus,996,flaileyrn,2/15/2023,4/4/2023
997,989,Scarlet macaw,997,997,997,Woolly Willow,997,ueadmeadsro,8/7/2023,5/29/2023
998,924,"Wallaby, whip-tailed",998,998,998,Pygmy Alpinegold,998,nreamsrp,12/1/2022,9/9/2022
999,573,"Langur, hanuman",999,999,999,Little Mountain Meadow-rue,999,dfindlaterrq,6/10/2023,4/29/2023
1000,395,"Buffalo, american",1000,1000,1000,Carbonea Lichen,1000,tsaullrr,11/7/2022,4/3/2023
