user_id,username,email,password
1,bcrich0,bhamber0@wikia.com,$2a$04$R5vErNtKoxZzxPZfXAomNOorRIK10k3P4wxgKgRoUey8eT7Yf.9YS
2,hlinder1,mmilliken1@multiply.com,$2a$04$hhSOw/7CcJXPUx0Fy3lCieLH3kvmSN0mEIiRPzWLvuaRk2FrCzLQO
3,vrozycki2,vartinstall2@sbwire.com,$2a$04$Eiwl36PkYwArzitToyyUmONy7PU1lngGOGBXWQFa/7eORtCmBW1P2
4,oburgyn3,evondrak3@live.com,$2a$04$frCBqdhkXgxTPk.1ISKHKOBr7UCSsA81vCpxCr0x8PHkKTyZWZzhq
5,eharrold4,ldrissell4@gov.uk,$2a$04$EMpQ161vRx5xF1xMCbWxAOdbbG6P6CygEg0KatKleeIZlxIQiC/2q
6,mpughsley5,dpandey5@storify.com,$2a$04$bUWRX.Dg8QINgaw56ylK.OhOvMPsOY9r80WIjDUvvJX7636yYRwY2
7,vtowl6,bkilfoyle6@g.co,$2a$04$bDb4eyC4lKQvmkHtWPNBEuc2dTJ.rqukl4MjDO9dROgsNM5wbKkIO
8,edellascala7,rbraunthal7@nymag.com,$2a$04$SS6pAYed3pkZPuK/NknTS.xoKLY2AW2C2Pk.m0uGobOeJZD4lp/cq
9,dgerrad8,abracey8@huffingtonpost.com,$2a$04$y6sxg0bQepPXyNx/JcEmrO9Nf/TJPY1Z13dKkTpCkBjL/ZXRJ8eXa
10,arydzynski9,khansemann9@nifty.com,$2a$04$cskMiC/H7asSHShEyWvqu.IOVkx6rea1p8q.EwGREcemCvOTafr0u
11,abeedella,rsmeala@sitemeter.com,$2a$04$XS5D5BHv4K7NPsBJhy3psOu3D8HaS40Y33gP1r4xgb5rD56TcMuNW
12,drizzolob,kcotgraveb@vistaprint.com,$2a$04$rD1pmca5inwx4U/hzMG/rOtAvRc2ISgkQYNgXuUL8PgndgyXgyJBi
13,wburrowc,bburkmanc@mlb.com,$2a$04$MF/T0XZsq7.sWOyFDSgiEeoMjQmrWkeoVqqnzNLams9uicah4ofXu
14,ljenckend,bluciend@opensource.org,$2a$04$yJLJaiaBcZcu7HlWfQHhEemf/IirM/.LnHgUv2j4kHKau0oDA6aLi
15,pwainde,rtwomeye@purevolume.com,$2a$04$f24tKGTTJI40bLoYFLpyu.0ao5wgNUxGzxStDKcl0UR6tqItaWlom
16,nhaskewf,valfonzof@devhub.com,$2a$04$UqzICv3XEHhfA7VzOWP0Y.fYo3i00C1Z8qGSr9POmb70RMXxyJPqu
17,abraidong,ebottomsg@mysql.com,$2a$04$YOv/DVyjr/H81GwIwN0UFekSNIq.AIkkmRwGSFxvC7wutFsqPQit2
18,cgimbretth,jlangrishh@alibaba.com,$2a$04$P9soWLFrp8D8yIgO2lAuVOVQFYiyVsIvGpkq4Gk52vz4/MO5r/u/a
19,mklugeli,gnessi@blinklist.com,$2a$04$Q8fF06PjELv4gna6lkqCZ.UiEwB7FYYJ57XJ5o.pFGpK0EQvlnBjm
20,bscracej,adingj@hexun.com,$2a$04$nulCZLQUIVBm/mKSzZ/2YefYWHMz1HjQ6QzQVpur2/Q5tMlULOv.u
21,eclaridgek,bceschellik@thetimes.co.uk,$2a$04$sMF2p5UU7AQgmGCpKh8ktOor.Ud5KqWXFOND89FOL0gPLLsZyPQyW
22,acianil,nmoncrieffel@thetimes.co.uk,$2a$04$RneuKxiP4EqQrrIQNnIIOOa/W/FIso8sQLrJmSj5qlU/H8xSBsncS
23,ydudsonm,cgogartym@usa.gov,$2a$04$njYKO.8KIjzicclQKb3SzeWC2lBqRZHm.P2Ch/sKjSRNYQ3bcsTFS
24,llokiern,hmemoryn@etsy.com,$2a$04$8xvgeajzMRzai7JD2zJ/AOhMSyt66g64goMiDl/cvvNDIRLGpbfnW
25,hwimmerso,ascrannyo@google.de,$2a$04$0aFJ2hBtAL6RZ0x0A50Y9ebDnUu2aUUtJX4aDwmlp55.SBKCmdEOe
26,spurcerp,ssheppardp@webmd.com,$2a$04$ebcQTgkApSeXzT0V7T.qbe/acVMrAfMpHAUDa1R/fRBAnF5Orp.W.
27,klinnardq,krabatq@boston.com,$2a$04$mxydCwiteYmombnB0sHTqu031rwIOaQonXXQxcz2fMquEHpyvSEKy
28,qmegaineyr,sharringtonr@addtoany.com,$2a$04$7LXlV7hAwvg/KtzAbIdv8u8Tbf70DL3ru7Scc9O8ZS6xp9EVktPOC
29,ogirones,bantoneys@themeforest.net,$2a$04$i/81vk68NY/yf.8QhZ8UtuvGiVpRN/3AsDFrmTnkBKOSuCawUhd1e
30,lguillardt,cgeekiet@123-reg.co.uk,$2a$04$9xUhf.dO13jmTZR32HFIqe7llUWHJmK3aXKCsOV64YxKZ8JTRgoGW
31,jbladeu,rbroggiou@pagesperso-orange.fr,$2a$04$5OX4rE8X7H1yd5InVFmnKuTf9a7MqAlatn20a4kXjVA/p/vdaWIq6
32,dbibeyv,ccawtherav@bbb.org,$2a$04$ru.s/W10vNZTiEtdVqmEruLAPxKD9dh/Erxy3jIcMMklyLWtjlwk6
33,cgianelliw,jthorroldw@netlog.com,$2a$04$BJSk8prxlKyW/emFy/grSuOIhvWwc1TTrc5KjQT8.vI.1fXGG.L66
34,alifseyx,lmoynihanx@t-online.de,$2a$04$6zCXhJV6Gu5leaXtc4QdDOMzYxbLYyRQYGD26.mpJ7h/sdfDoTPyO
35,slanbertoniy,dmataniny@ycombinator.com,$2a$04$TBAcGkCK7MnprZhiiHrDi.l9K509Uivb/fQuVMMSqNdAicC4.z5uW
36,eprycez,nstriplingz@google.fr,$2a$04$BeVBXZiepQ3NsG92uSVg0eQOggbkXWgdiWi16hHrMduhVTy2g0kEC
37,kwoolbrook10,bdukesbury10@wsj.com,$2a$04$cK.XzULcZn4WeQVdJvj/e.ypgHHg837z5HC2sa.AecYzPpfFyQgJu
38,alachaize11,cyounie11@hostgator.com,$2a$04$8R4GtJTMRBvAs8Y/Ye1oQeXaecDXbbRR2T2TD2WZJIwMTzsnVXkBK
39,iiban12,fkaliszewski12@histats.com,$2a$04$HBEYN6zrjaZXTkIhKxgGi.7S6OyS711jCMtXnRs72qoD1mmFZnIRO
40,myurlov13,bkydd13@mlb.com,$2a$04$a7u.Lm6GmTX17oCOK2txOOAibKiljOzWl/hSeApLyAA.GQI0EEJsq
41,mgosnall14,wgertz14@ca.gov,$2a$04$m74gP5TXo3N/myHCezkg9OPqXyFYgnoZRMmUWD.fk8DcQ80703VNO
42,jlehrer15,bbarrabeale15@blogger.com,$2a$04$AGRJNPhHroMCAFMJLZ6RfOyRwylFkWFwdUzrykmJL9V53gMu/ZlIe
43,bbroszkiewicz16,mfrankland16@biglobe.ne.jp,$2a$04$Ic60X7vudVeii391skGO1eXFaomIT5acLW5b3nqmp5HOZf404wgDW
44,vjonczyk17,ggrayley17@bing.com,$2a$04$2J47jD11PNb6tRmmilzJZOhRsYIDt61ReOF9hd7jio/QZLn1afg7C
45,cbambury18,preynold18@trellian.com,$2a$04$.2Hyj/knFXlyqORJ0RW/7eXTnY7HL8i0FF9PpQgEUKnQOIuVR2cK2
46,mperrington19,lbeacroft19@sourceforge.net,$2a$04$4lFASlqE9ic/2JOKlCGwnudaAvFxIpf12amGH6et6Ef0DPZdcR.IS
47,jcollar1a,cmacura1a@addtoany.com,$2a$04$09h5YK.iAvduDAksEhxOjerJGMT6iPJSS5lC8yA8fc4QlcgqkVOSC
48,gdiglin1b,ppietersma1b@wikimedia.org,$2a$04$NHTqCw7mWESJEjWqPnG0cu3RmuTsNdCgV7iOdDHTjpn1si0Pjqycy
49,dbearns1c,raston1c@omniture.com,$2a$04$kB0fymMdaKX0yDQ0nsyCneiyue6385IEI1sZM3SL13agXiO6XH/p6
50,rchomicki1d,shouseago1d@shutterfly.com,$2a$04$GtLdmshJLupb1IMF2RsWCep1ilc5pQ8Ffmq9yRE5cxJMnajd2Z2aK
51,xoronan1e,yharnett1e@addtoany.com,$2a$04$4RxceOjNjTQuk89Ren2CiOLQQaSyLAVZVoiL2RZHR924AObI13F26
52,dgalier1f,ocloonan1f@hud.gov,$2a$04$EqVmR4susgPlQgufoVp2YusTu6PIJuBzh4FHl9c9FR1knBjbCQDKW
53,mclaydon1g,laddionizio1g@bluehost.com,$2a$04$IIGnQLMsMArtVUUejf3P2uynLUtmlkCYxSAGiLRLqlKfZ.x7yJC4K
54,lpaolicchi1h,ctinham1h@creativecommons.org,$2a$04$YdUVqm6iC90P7IjgUYsQSORFZEOj6xJ6aYT./MD.O9RSRMrJ54VrS
55,zivashechkin1i,cboadby1i@oaic.gov.au,$2a$04$582KKglg8GrQKbmIQwTCEOsG0Xw.Olm5dxVCzAzzpVYUyBd5dAdC6
56,aculpan1j,ccleeve1j@engadget.com,$2a$04$oVYh6MEMnHJ5Tts.Xc8Z.OvAsLAEAgY0F9zsRsE4a8S.L7TrZ/5MK
57,bamey1k,wlanfear1k@skyrock.com,$2a$04$pqruX3SHT3xdqQ/3LHu5UOfQr4.l/GarAQDqFNRFcZ8LvPyjA/P.6
58,zbiernacki1l,mmiquelet1l@pbs.org,$2a$04$OcgWyZkZPeieaS38y3egLuT1ajFv4MtTSvaQ2dbJi0IKQtSkAwoNW
59,kcantera1m,sdownes1m@so-net.ne.jp,$2a$04$fd8pSiWtvbk0mYmQvzjsJuGTbv5XH43FBeH.E4AqYGXKLLYle3zJe
60,nchoppen1n,fhassen1n@posterous.com,$2a$04$8agsNLAFoPxevn1lzf2L2uTaJBjc1AIUPgK3FBRBtaUKKFVonYrZS
61,hshuter1o,cpicford1o@wikimedia.org,$2a$04$Dq7ce8jOq9Ee3pnVi05h3.j5Zh58Hu3L5YIVHSu0VnESAfCpnGu22
62,qstearndale1p,gstanyer1p@bandcamp.com,$2a$04$NRSSzk/AHTbENFlGLd.hbO92sliTcTf7.MguUL8j.cSYb1QZ.k4gW
63,cgoundrill1q,bmcilvaney1q@msu.edu,$2a$04$8Cbq1g2t/9fi9VPiwHU9eeYAo0GqD1qzh3Y2.inOCcKv0/BYX6c02
64,kletham1r,strenchard1r@digg.com,$2a$04$Qea1RzVxPC41g/XbTe6X9eKO5z8Ab09jzHq4cXojndRcODJ3/0.02
65,hfairnington1s,sgodsmark1s@apache.org,$2a$04$9vvAOGExOi.ZIOWrqFKkgezJ.YPU/5QmaIyrT7dHfok5ftvxwz9p.
66,atorresi1t,wdyble1t@pbs.org,$2a$04$vTRebSYhuWAQc9dLeQYOB.WWRj30b1.s4jwzU.Da.xN2knLLui/T6
67,ecoche1u,clefeuvre1u@usatoday.com,$2a$04$.DjbGWzPsQwwCv.2W0kveuLofzGkyl9446AnSe72j1Mv4PFoJi8Oi
68,tskaife1v,jcrisp1v@360.cn,$2a$04$GT673.Fgrr56iV52kOZMhuuW6Nch2vPkL8HUUPEH0FjouM3yXFZ1G
69,brugiero1w,tjenner1w@mapy.cz,$2a$04$hFvHk1P6fn4h.d7qoTRoReUYnwmOaI/MaUj5iUkI7u5ENcEzJcjH2
70,dcorro1x,fwycliffe1x@soundcloud.com,$2a$04$GaKlnLTtCtMoRNGW/DXe4ulwTZtllJ9VHxdUBIIhkYgH4s3xXPl5.
71,crenehan1y,ekrammer1y@buzzfeed.com,$2a$04$IFN6fwB37uO11r/BX2hsle1FOg0uvGSFqTAjFxVS1ntAilvIj6Xga
72,rcaillou1z,cschultze1z@phpbb.com,$2a$04$rwChS7xDeFbFQSkW66sd..u1cGHVNd/8oZQVhMR0Ue..NR1u2UFk2
73,mgummoe20,gkenna20@tinypic.com,$2a$04$gnoHvj/xKeSqVPbn6aPg9e.QRAxn6HeIEkLF.BgN1HCOD1Kui.7Ky
74,jshaughnessy21,avarnam21@slideshare.net,$2a$04$dfFJgaP1eHFxVujyHfdCIuTD3m5lkqbf71pU1xVaWnj28smq9GzjO
75,cpalister22,etanswill22@fotki.com,$2a$04$nmvj.2ZJZczM.XXUGx06FettqoAP.X.5snIhW6ZgirFdhkUGPY1Im
76,jtenman23,drudgley23@europa.eu,$2a$04$mLtq8M.Rp/x3Cs82kYR7qu6tNgBue4Daqz/C4s1Wx0wHmzdw60FmW
77,mswalteridge24,zrandell24@utexas.edu,$2a$04$B3z1Zy.W1JFVn7alvxXPVufcSsnagHCxxPYSOYXnYykzhar1LnlNS
78,nstudart25,bdukelow25@marketwatch.com,$2a$04$/IqIDhYOnVxiZN.6qlZ3fOqwXc1TvEZjMiwrqagRvQ0bDPE4B9YHW
79,ilargen26,bhearle26@yellowbook.com,$2a$04$BNSTLspvnYDrEH9v4/DBvuUUppK7mc.GU/rYO/rA5STIJ0nYzXwQK
80,koaker27,clatham27@harvard.edu,$2a$04$Q06Wtrvpn7RRGL68znUJfutrovnK2SrXe6LKK2oNIh9LvwuvlNTp.
81,jdilkes28,vsprigings28@weibo.com,$2a$04$6fjJnHeHRN5TFKbu1xtl4uHQJq0XmpcOlO.GLhjjBl9V3vykkxGja
82,lbrute29,lvynall29@blogs.com,$2a$04$zDeLCI5kHPdKaxya2zzha.dCrRJezdW5nhh6rL.bjyMl5cOk0gCeO
83,nerdis2a,mwoltman2a@yellowpages.com,$2a$04$d5fNfnADBmX.VrSTt0tcDeSjVfxHJnEXYpYdr4W1eKYJo85MpH2dK
84,dwells2b,vhuntar2b@fc2.com,$2a$04$AEgGuX8uBmnSA5G7tA6zouQHdC2UrioY0TeHiO6xlS9tOze7rE48O
85,eleale2c,whalesworth2c@nytimes.com,$2a$04$l6gGhYmp2CqKQeGOHq2by.i3T4skqcX/Nhbk8vC/5vLniFk32fLEy
86,gphilcox2d,gsweedland2d@answers.com,$2a$04$jDsVV./5udnVX8XTPjzSj.RCqMvjn9K46c9EPXs6y3TN9ijZ9K4zq
87,spamphilon2e,bgarrelts2e@cnbc.com,$2a$04$YzbCw3s8o9dzPsf4pYEFdOL6RPbvT1u728o4GKSzvkeIHD1xpvWLS
88,ashegog2f,cstower2f@yahoo.com,$2a$04$GcHuVPgi4BinRX3lNwJxEOvrFkCy3GBdaMIVoiCHln3eCgbU8Lw.O
89,scottham2g,ecarrivick2g@nyu.edu,$2a$04$Dau0Lw3uiEJ0LOZ5Laj7we3ZpASVIXDnWEZ.PnZxuaqdRTzEWLeGK
90,btootell2h,cwooddisse2h@example.com,$2a$04$hkqcXtrNRIA3tI563uHEIunlhvwDp1fMdQYx8IIcb0Fz4iIz5xcQ6
91,fmathew2i,tross2i@rakuten.co.jp,$2a$04$BJxH89.HEpN8D71.RmbL1.xyhCnm/exwWSgjc3j/kIaF1MES2iOyK
92,dsimeone2j,dkleiser2j@scientificamerican.com,$2a$04$dyHTQJyHFH4sKhIgtkZl7e06FZJYEhh1UYzu02q/B0NRpR8STTfbO
93,vtarrier2k,troyste2k@example.com,$2a$04$ZsuZEC1e85WfrQJD82QVWeRGwgDHkc6czaHt/vveqGiiyAWKPUgPq
94,cponten2l,oardy2l@biglobe.ne.jp,$2a$04$kTNU5vkRiS7tahbdohKVJOqW0LYq8fbbGnGS8PypwSRmDn1WtxdEi
95,tmarrows2m,nandrus2m@scribd.com,$2a$04$E9nAJBeOZsBl8h/GftVs8eWV7n0w5FBguB1RiZaqS9vP.hXRRX87a
96,thinnerk2n,fhouse2n@domainmarket.com,$2a$04$vLGEUQkV2CSG9zQpI8ehYe79HxPF.4RtQU6uHijPLoaWG6WBc0MMq
97,dmichelin2o,cjamson2o@reddit.com,$2a$04$4F6ePwtczmZEpeSg89.yweKNThPzJUx7mtm6mjKEkYbLYWNuPquU2
98,gkhalid2p,bciani2p@mozilla.com,$2a$04$7U4MAEC5vqhuf2z5aziPeOCkfQYD.VUcB5UoBNgHtq/4sauNnEgVm
99,vsmaridge2q,hpembery2q@bloglines.com,$2a$04$7GyYFaJ4J8Xj/mblYpIkyubRYGzNpvKrJo/JFV9XFuwUAEOjaatfe
100,ksandell2r,sortas2r@domainmarket.com,$2a$04$uM2YgP6uGWOV6SFIsj.TLudAC0uk9achr8ep7c3I9oHpLF4i/Iqg.
101,hstennet2s,hglamart2s@google.cn,$2a$04$zHytI6mT5/6342qoPsrXyOxHEJ7KWuEhTMKtyy2p7CiMgh5jjOqrq
102,btrayhorn2t,phebditch2t@ehow.com,$2a$04$Wbg4j0K2NgWDaWunaE6TneOAieXON4QaCVNPdp/DLW25fs8.0P/Hi
103,awetherick2u,okirk2u@adobe.com,$2a$04$BycxUNANSajx0HUgYowSzu/.rZgOLNiYf8F7P529P2UmMhg08WDIa
104,dlandall2v,mnormanvill2v@macromedia.com,$2a$04$lVbrUajyaXNCAHfAdGEtK.a9pgtPcQAgBKMgj.pAB7VASavGC.NV.
105,slamping2w,ncoolbear2w@bandcamp.com,$2a$04$RETuhR0IWSkvzyNDmLc7QurJ7Ei7QtQdpGve2bQi5Zb600v3T.MYi
106,cpichan2x,jkimble2x@tiny.cc,$2a$04$JozFa6b508eyHheYAm38WePWGqIhWv3cTpwABhapOJLQ6r/70yRdG
107,mcopper2y,tdalrymple2y@homestead.com,$2a$04$/o/2aNiODAmbLAJXdMyNYeral/vzJgB8RbRwGOL93A3pS8IokFAja
108,rkimble2z,hrivett2z@parallels.com,$2a$04$1fvbme9SP9mr9PFtyJ5EeuLddq9rsbjkd5iUDhAhiGvgFl2lSBHX2
109,rhazelby30,fgosnell30@biglobe.ne.jp,$2a$04$pBdztkx5SxOEhHBbDQ1cSeBB9Dm7C2ZxrLd/lSd5wUazOVW1jPC32
110,ngayden31,lchmarny31@wordpress.org,$2a$04$SAlCGSnulMoprYIG5fpFZOVCFpJ7Y2EyS/nzzKzw7vqNCo3w1QpqK
111,bwoolhouse32,bcavendish32@nps.gov,$2a$04$Pf7G.bFUSoAknvgW5bFDbuz/koavZtovM1VgWEvSiGvFQcvRc5Pjy
112,apile33,bmcwhan33@gmpg.org,$2a$04$LeEsvMuJn5.nsNctepAIiO.cRYX/b4ebejFTLHVoueTEjFO..OJ.y
113,iowen34,aalldridge34@scientificamerican.com,$2a$04$6w60Oyn8NkDfYHqS3rF.0urhjIwVs6HyRrRLOjDHjm1stMiMyC4j6
114,akeenan35,ldeantoni35@mac.com,$2a$04$04eRT.BJBbQlXNCDEqCC3Og60g6bnlmpLuwQQ/efrkhu7LRGyOKba
115,diapico36,lknevett36@com.com,$2a$04$DyzrQrWU39SV/nzQusxpFew44pFm5ZhA6PhMBDMyKMv5iOAtH3aYe
116,dlindores37,iscuffham37@sphinn.com,$2a$04$wxFslveE3Y46sFKYKtjAHupUAZb4QefuQy4RFRznlaTGs.j41x3zS
117,gpollitt38,lpalatino38@yellowpages.com,$2a$04$QDvZeGPV2izIOTtaCcx67.y30dD1xmvy5OldIs/0BhWRHRxueKRWi
118,aspuner39,apohlak39@wordpress.com,$2a$04$EFxvQTivv5lQaJCnRBdwGO9HR96MgGdjMQPchgPfQhbX7GRH/pyGu
119,sworvell3a,keskell3a@cafepress.com,$2a$04$tu7oc4LLgTO/al/UfNP7c.1b0KTpUOcQlFH0hRDWLS1jpXM4wLOdy
120,civasyushkin3b,aspolton3b@dyndns.org,$2a$04$c3rGmnzn5xVIDAlRrQAtAOuid9N3lvUqjX4C9PLJ9VCcnvqBrcRES
121,wardling3c,drossbrook3c@va.gov,$2a$04$4tHr5Dg59jF4m.cJpLMNwuB0qbNRfGLM25yG3Sd1ugQClZe1ZIVwi
122,tokynsillaghe3d,pavrahamoff3d@jalbum.net,$2a$04$oWvayeIGY5VOnGzCTrMjd.WlTVOgfKFy5UyRu0eruREPyhioW1tR.
123,tswynfen3e,zmensler3e@apache.org,$2a$04$W67KV2gPrHIIwPHjXQdM4u3NK2jdpN20pQLlZ0zXZHs6uYJsSkMIy
124,bgery3f,gheibl3f@phpbb.com,$2a$04$NaGhqI4qxCBcv53D6r6o3unQ.pMNcJfnQ5dSYpdCrewrr2eUbmciq
125,fbeasley3g,dmontacute3g@dmoz.org,$2a$04$nMhiM1p6IlKGWliCeeVeNuQT/oqNnRhNiZkI8DHUNpc7t2fTtucQS
126,dtumpane3h,edalby3h@dailymail.co.uk,$2a$04$0J53tsCThduvVpQ.tMf5t.pQMDE.sDuJ.7MRx/lYBWotQUl/0pyoW
127,ctong3i,pboissieux3i@ox.ac.uk,$2a$04$KOb5hE8wf/JiHPLJ52QvyOprZG.E30sLQt8F.jdGzBolhOVOIGHA.
128,otwinbourne3j,ecupitt3j@who.int,$2a$04$Lz.m9lOoJAr9varedzvgm.NhGh01U0qFDZCzrbVOowOyqg9e9G3Bu
129,fconechie3k,qbrunelleschi3k@hc360.com,$2a$04$hUddTJ6uPIpIDn8oqpeoe.TZ.DormtKAQ1ca2xEIWBMR9zjQX0nm6
130,gitzhaiek3l,smeehan3l@ustream.tv,$2a$04$acxMT5re9TuUMxxh2KUPv.PNPOQJS/aUlWEXZjncaerzd7nwL9a1i
131,ysicily3m,gteager3m@goo.ne.jp,$2a$04$NMUvICjI21KFokS5dTLPueQcMrxtdgRBzcuDyB4WXuGDf7rZ6agie
132,bdragonette3n,jspire3n@auda.org.au,$2a$04$baJD7w.zkYTLHnUFC8R5tO59Iwzpx/LZDNFfPQYN7uR99Ds1pxBa.
133,fkahane3o,dwoolgar3o@cargocollective.com,$2a$04$9/gyAfhZeLSOGemFxer1UOVchWTzQ7xti0pVrJkYjj6whRbCFYGbO
134,ccatonnet3p,eanderton3p@prlog.org,$2a$04$hYm5iP6uvOVV1.0vFqhD5eX4gHSlNTsX5KyGS3x0LNOHF.CgynZlu
135,cbertomier3q,efinker3q@chicagotribune.com,$2a$04$Z.NJXUDjBuf/2icqHs1Td.9T/.gmhhLPGcpf92q9whlr7LSa3TazK
136,akilner3r,farthan3r@joomla.org,$2a$04$nRKHbVIFgO7fJI3udhuJaeah8ywjl5T5zOH0uIQVYWsanqccLN4S.
137,ebradbury3s,rbaelde3s@aboutads.info,$2a$04$2EyGGmcFmkPIn/mU22zmyOzIRt5oEup6wahYK161pDDVPoScsJBvG
138,truppertz3t,ishrimplin3t@engadget.com,$2a$04$Pln/HGAqk2vdyKmPF03Ome63v5DNTmVPyIMt.LhTfhAGdJqeOyXIy
139,dolyonov3u,wstate3u@cargocollective.com,$2a$04$nn7Sqh7aijqtme00.4sZDeMR0dhe7ujKxeczpTEvYZGl8egyztOmG
140,amewha3v,gbracchi3v@google.com.hk,$2a$04$rlaQZfDAbQw.PVh7ZpjB8O8wYK7U7AKeqUWJqwRmqHqNtlguQysDO
141,mgater3w,kyitzhakof3w@tripod.com,$2a$04$YVqoKr51p6/RJsEFUN2crOqM/r6KmyPesfKcE1W4e7InQCcwPxjpK
142,pflag3x,btonner3x@networksolutions.com,$2a$04$taryIwd38n9Z2YJezGyG2OR9SNRJgyzoeeO9MpTmJ0LhwHGZUk8HG
143,ddupree3y,rcarstairs3y@ameblo.jp,$2a$04$N5kcPhd1kLPYB.w39c3Un.CtvlOq3ZHadjprsiy6rjldhxqnl2nze
144,nbohey3z,abilney3z@jimdo.com,$2a$04$6/rJu.CegngF5nCIn90r2efWCMCSpyBmHa45TXv7nBXfEKvZIiEqi
145,parkill40,bkuhwald40@nhs.uk,$2a$04$erbeA4tzvaSGd31QXc45bumxM.sFUdkJtqmWEkvT12lXgVWwXoe1.
146,clorent41,vgarahan41@networkadvertising.org,$2a$04$s9/JTpygV/m618Qq9EfaL.h9xW1W.vjr2X.Ja588713J.uM1oqz6C
147,hogavin42,lgagin42@soundcloud.com,$2a$04$Pz3yy74a4w4M7KoTTvloouYkSwvdb2sxXUB3JxFQi02iH4MeG2nuO
148,jletty43,rheffer43@reverbnation.com,$2a$04$E.4WERHVbmBw9C21Zltsd.V/p5cG7aj8j8ZMsiJFfK.qgnlMXkBL2
149,acroizier44,sblazhevich44@angelfire.com,$2a$04$tVe89evYdTZo5kmuh726KualYUHtiI9wDMOys4xbjw9n54uAhnYPC
150,abuckle45,mklimko45@hatena.ne.jp,$2a$04$qbwbthBE/Znp3cltWt703uHsuQX4ciOTvoLBKVQOeoDn.wiCIK6w6
151,kordish46,cmailey46@nydailynews.com,$2a$04$9Dlgh95qKtlnVjGjt0jab.EukxiR8O5AQnmP5cnSHwEOYLAg0Y.l.
152,skerford47,phaggis47@bbb.org,$2a$04$U8IWbUBChqpZE3FlxxsvPuklSUB2AtouBX7o38NK2jXYcWMnx8YEq
153,emathes48,ssutherns48@mit.edu,$2a$04$fDM7Ab4nurgaBWAP1GUpQuj1.4QlkRKJWqlvU0hVyoaYSqESrG32C
154,adwane49,agravener49@sina.com.cn,$2a$04$LwJvB8ov3rH0KeWI1bGzMOsyxSO6r0Vp.S8uRpEvPJlghRWN7d1MO
155,gwadie4a,rspaule4a@mlb.com,$2a$04$Zbh/wSG/k0SMQqzRgzvQWu8GPsrlwVpt.5uyn.eqOYSikOLZJDi0u
156,cstearndale4b,nhallmark4b@amazon.com,$2a$04$IuyEw2PmMufyidQvjdA2fOiDrGdqRKXOLC/PGoZIz.gISr.cQEN3u
157,pvickerman4c,areicharz4c@goodreads.com,$2a$04$IDwT9UwnkVLVBqPvEL2G4OKzX.tCzmndIYgPdgM/.Ja0VDAiKVvnW
158,dheaysman4d,lszymanowicz4d@devhub.com,$2a$04$E/XYF/gKRAsxFbOtvMtor.iSneEGt7ETCBa/X0CQ.tQjo5O0msjoa
159,kpidon4e,rbodicum4e@friendfeed.com,$2a$04$CyNA/c2HC4FDNnXDsPeYX.zo228SXFK/FtZKEq4gfyU5wBu5VREI.
160,hgrgic4f,wvakhrushin4f@nationalgeographic.com,$2a$04$oQSr8i4U3KAC0QKLCN2HAewlUe9kTZzrp7pvlpWINFdWFZS.wLopW
161,wharlowe4g,rgiacomuzzi4g@aboutads.info,$2a$04$zXIri4ixWBr7mHbc6Zp.IO/O3CeVJXc13khILVpRbMWBf5/L8rGUe
162,bbayldon4h,amclaughlin4h@discuz.net,$2a$04$dzne2H4SL1Lo4JolmvhNLeizXFJ9Jv9XwRErbR15Wnhqh7degVdzC
163,lbinny4i,hfavela4i@bloglines.com,$2a$04$ipBmwFajo0lAGJmHvrp2i.FQgKv5eH86HC4E29UXb4i2Uzjzksa/m
164,cmontilla4j,rwhawell4j@bbb.org,$2a$04$ql.BwwtXOD638dNkywsR5.afD6x0Rjkp.kA/k08MoBKWUVB9f.m8m
165,mbutten4k,mterrey4k@usatoday.com,$2a$04$fCYCqqJ3Ke7TDZbhpa120.5LnKhT7qWUKpJiXTIkyGytEJX4/2uA6
166,ckebbell4l,nnezey4l@phpbb.com,$2a$04$v7DWP0WXm4JdhSy3xLXM9elEHqIby68BQt38gvZos31fO0XKRPv4m
167,tjunkin4m,odallicott4m@vinaora.com,$2a$04$qPYCF01Q3jpKFLLrwHo2VeVBZyr320aMKpAvoyggSs4VqYsRB223C
168,pdrowsfield4n,fhansmann4n@discovery.com,$2a$04$Bb7MQVXDRM8tbvdn4OjVEO4wbutybDRNXX7KPOhflrDmAxGN7nL7W
169,ncraze4o,rbotger4o@yandex.ru,$2a$04$fhnKK5xqNa.oRVoxlkGm3O.k9KbSyqDgHIQHqwcIBCwmQTDoFXjvW
170,mstrongitharm4p,shourigan4p@microsoft.com,$2a$04$9eTBbL.jZMkDPh9480SZ7.KGwKC2aXYVyZiY2JSq75VjqEOV3Pvzy
171,kkoenen4q,kmcpolin4q@de.vu,$2a$04$Rzo6AP.eR9DrIUJiNAVAt.Jexx6Jckk6dQ9E79HWVvRlz6kqfQhhu
172,gdrable4r,fgiampietro4r@huffingtonpost.com,$2a$04$HS3AmsyjF.f7Qu2xy10lhuouX/heebR3YoS3XXJ9AeW0x/d3.5x.q
173,joleary4s,pcorke4s@vistaprint.com,$2a$04$e8wxKk2WxloBRW63VXLAL.gX8DrG9/L4J1MqTX7v4z7Slo.miuw1m
174,lpaulin4t,lvangeffen4t@squidoo.com,$2a$04$vzMhnoFagu8bhoikVi9voe6G1CB/7qFg5XytBjrsIRC5IiSaAbZdK
175,kmossman4u,chanford4u@creativecommons.org,$2a$04$ByA6vykcYN9xqUYFvsfb6OWsfaKhz4lY8.H/gxpNTHOKHWH3iUkKi
176,aidel4v,pcasina4v@naver.com,$2a$04$9PM6sX0AR08rDJtI5Y9/6ubJNPaKgyRCML7yOTBOByk1rPsYWLH5e
177,bvenediktov4w,kbenny4w@mapy.cz,$2a$04$slJUd5sMNWN.ZU3e89vfyurbL1Shu1dQqQTchoHr/7KW1zCWYkdVu
178,lcoggon4x,ericold4x@berkeley.edu,$2a$04$eRLVtwFHJZWli8jgdHqVFe2j5ukf3W1V73rltm69YmM7unC4LaO2C
179,gblaik4y,npalliser4y@odnoklassniki.ru,$2a$04$B.TVFnPfNGFF0KSQFT.94eKPQaPWk47nRiEisIBmtbQ/FVJlirzo6
180,mheinecke4z,ndevries4z@networksolutions.com,$2a$04$V9EX5P0Q3yZGmbg9IcENxudiBFcCXkPbOnNRo53spZXx1oNyMs9x.
181,dbartusek50,tgerry50@goo.gl,$2a$04$SyuPUA3iISx7A9pclTmPL.jr8zz5NvfHBuyi2MuVkQqZgcEjzvfcC
182,fgarioch51,kcominetti51@examiner.com,$2a$04$uRqPQ6E1txBSQv65/ns68.fU0tmHLqAw9WcFwCfCa8rp8T1DeDqKu
183,ipauwel52,bmourbey52@utexas.edu,$2a$04$5mC03eO1s0jncLt9LctY4ew1Gr3m1JU/7S/juziFRudBLcffX8BIq
184,hmays53,sstallworth53@tiny.cc,$2a$04$CQiy07IITCU4dZ0APdpbYOsX4Tkp6dVAWnfAkW38ioqtY2wp.ToSm
185,mmcaughtrie54,pbellward54@berkeley.edu,$2a$04$zqIaREDgoKYYz1BSC74vAOiixHYmwUN29qEo0fA76QlCfGolhd5jC
186,vwrightam55,iblake55@wikimedia.org,$2a$04$BntGAuzLhSrb9rPpj6jJW.wUDrr1KnwKi22yTKki6A6mQdtBU3tXy
187,isign56,irourke56@macromedia.com,$2a$04$rIrdKL2YZLmHHZpxSP4sLOFonrnRenbRfXer1z3KUUejfHeHEFhXC
188,lcramer57,gcarvil57@samsung.com,$2a$04$vpzOD9lXujUMFXfPaRnJa.iUpw701eQRB8PsdlgsuiInM/mFMbSO2
189,kpellett58,avannucci58@examiner.com,$2a$04$t1VIxzpPuHCLChWgAVleMug1wgwNCLdPOJr1gB6/ydZbrLhDkk966
190,ehanselman59,dtincey59@symantec.com,$2a$04$7uL3nqBkD3Aw1EGJJNHTR.Hwzr7Rin8MtzwXfu1TMVTj4feeH3X/e
191,dspenclay5a,abrigman5a@timesonline.co.uk,$2a$04$vDuaOcAhLLRgnQX/z8pL4.2SjeajHCLLYIfDoN1yKF7wZQt0a.ZUS
192,lsnoding5b,ochrichton5b@bluehost.com,$2a$04$gDvdoEXJOceo9kQ6ZrMNde9o6VyqcDLDl7CvNWohGz9hX.5FW2fam
193,skinvan5c,tflitcroft5c@theguardian.com,$2a$04$DUd22f6mx4IsfixhJ9fLSe44ADyDlvLOCfJhmVoo18OnCAGgjPA42
194,mmoutrayread5d,cbrome5d@eepurl.com,$2a$04$Jsy2NOMyS0kSr1AW2dIdweielaH/Rw8DzPodEMD148pd1ATgLLN0a
195,mvenners5e,uberkley5e@creativecommons.org,$2a$04$LessB93ii9sysXZypmgJr.bXeCihXQOOXodPkj8L6dIPGXJI1eGl6
196,aminnis5f,thuriche5f@simplemachines.org,$2a$04$mPB0VCGDAyPemfDPEVkyW.AT1pNikGDZ621uK9nRaMWfge6GU92My
197,cabyss5g,wmcreynold5g@cocolog-nifty.com,$2a$04$V/qyxo7uLAMWZEQ2YiPROOPUIw7saGuWcewwOvPrNqPGEG/f1h8w6
198,frassmann5h,thugh5h@trellian.com,$2a$04$WfyAofmyhvoH5J.J66B5C.03t45K38ICvjWHF7Ta57uoD0FwcEOiG
199,rmcguiney5i,ksammons5i@pinterest.com,$2a$04$7AAYnSAYaYEQCiOo.E5sOOuNuXLXNmgmyXpl7DC2GuK.gCK1BvxhG
200,rchadbourne5j,mpattle5j@shutterfly.com,$2a$04$oQTGrYnX9u/yFQlmv5WogOMOHohKFZcyZ5SiprVYiIfE0yfClkFF6
201,nkillcross5k,hsmellie5k@home.pl,$2a$04$ajY2WqXAKvoZHwd.O9sJSOh7WS5jGiLJxQWMlsMUlpRGNDVTTfUsa
202,gderdes5l,sminci5l@psu.edu,$2a$04$N.HRGCkGQ5HIwKm1VzG6iuXvaBlVUnC8BH/dQDvyhNZM1Z22zXy6K
203,eaubery5m,mhanlin5m@tamu.edu,$2a$04$tJV43GqkU/OcQbX6b2aVK.4LA8C.IFR.E2XkoSrZX9VVkrCiZalfG
204,igirardot5n,celrick5n@canalblog.com,$2a$04$/U5CkrMAFM81G4rnJPJ1PuJ7pbG0h7W0gQrxuVeqFZ.yOfczq4ili
205,bkhrishtafovich5o,otohill5o@live.com,$2a$04$LwgwKYjw8pwtG9hnqCJv..FAGoEZAngKfZuKs.kZHDQoQAsZQLWmW
206,jcoppenhall5p,pfogt5p@microsoft.com,$2a$04$9XjBOZilJpB2CGcuQS8SPu09iZ9PYXLcof0RZhQM0Tvp7.I8K2Lya
207,ijaume5q,jlarimer5q@twitter.com,$2a$04$iMUlU4Hqqeq.oN7q/L/zN.KMnpKIEQvOAOHYoDaixiMxtSZ/4HW7i
208,gluney5r,ddanielski5r@lycos.com,$2a$04$GI1NdwZGxLTmh/dCkzX1wuY8KcWeRmzi.MS2bYkXurWnvCxFnvNV6
209,kpeter5s,khellcat5s@youtube.com,$2a$04$WURUc3uR5lfqF5n6EOZaoOdiFGNZ2SOlljdZazwbgitjVjhYWbcPO
210,sknocker5t,rmessom5t@cnet.com,$2a$04$VH2vKXoKcnBqOfemYoOu2ejpuWbGtNUCrEbnuWi4aWnhLK/sDhyNy
211,kpreshous5u,fmccahey5u@sourceforge.net,$2a$04$gmMn0dovWRWfQ4oKuZ/i.e3MOSHtLxfzH2EWKgUGzdJcOPfv/uO9a
212,bfitzgilbert5v,apidcock5v@yellowbook.com,$2a$04$AU.MdxCd5eayTx0dXRul7.58Gt9fwXILBdbtPaLFqtnr5/sw2Lc4y
213,snorewood5w,vduns5w@phpbb.com,$2a$04$79g5vKpqIAyfWbImlDMZ3eT9tJKT.qafDd1nx90zX6HU8UdlwFtxS
214,bsatterlee5x,dbastistini5x@a8.net,$2a$04$SS8JpBsWxcIxWYF4QfpHy.6bZZKYL4aT2M2u8B2n7GBBvpG2wV9de
215,ctydeman5y,odomesday5y@multiply.com,$2a$04$Etm2VPI7jQf9VD1Y412PeeJYDnRdGU6hONKMePAvtxLsoxpaRfiqu
216,mtrafford5z,mleabeater5z@about.me,$2a$04$F2GAfF1VmgvyVJL41uaZiu0jf8QX0yDW86hiNZsiKlgkQRVtZCkwy
217,skanwell60,mpaternoster60@histats.com,$2a$04$fbdIKG7B4eBgc3uDr0k58e.bwCXaDG9JcAwCZIv8jLrD6/mVI8XE6
218,tbakhrushin61,swyard61@marriott.com,$2a$04$404mIHZnc1f3C6a7NCIsWeDPmw0taN5rWHyouvVWyXRvVhJh.zve6
219,dcorah62,jdirr62@wikipedia.org,$2a$04$bP3nxToo6QKK2bdUTOMEJOtjlyQWSiGjXZBRvdauq1AQjiCkJw1di
220,gknapton63,dwinnister63@sciencedaily.com,$2a$04$TJfTj5vUYT2PBIRbDszXeeeGC6h9ho1..SxdOPh6hij/iSgxejKYa
221,bkyte64,fhedling64@theatlantic.com,$2a$04$jUfqnW0QeBgwDtsoDoGSvez3GrbMmpZdoJs1QlsCV3rEd4U7WnLkK
222,jbowlas65,lbellchamber65@seesaa.net,$2a$04$6ixeKVTcqw7yRb0yij5Zg.Q/nOXOTVmLTwdzagYu3/dUaYHFLK1Ci
223,tboas66,hsheldrake66@gravatar.com,$2a$04$1Hpa/VS.uQogpXxEE4.sqeiyAe7Y0LwZzqLOGg0i590nZ.3mIo15y
224,jbottoms67,npauer67@deviantart.com,$2a$04$IOtfCqM/4s5/iTEiiao6e.H6To0VVC6/UE9agKmrtDHcNbZ.DVAVq
225,lhaggerstone68,wspowage68@drupal.org,$2a$04$.FqxV9IB28emUkzlyHq6iOEn0O.a4vMCaruTP.EZaowM0ez/Mr4tq
226,cbruin69,tdudliston69@phpbb.com,$2a$04$BeMxQTFUPadadu4TG9C1FOjt3kJMvVDIN5DjE7/FIKo0hb4uIf65S
227,fchristofides6a,mgallahue6a@buzzfeed.com,$2a$04$TgOF7NdKkK9Fryg3qcr21eqrzEa6D8fN02HHAe.ujBBkXmGpprJ9.
228,dshieldon6b,twarbey6b@berkeley.edu,$2a$04$/hdJuADFy..hhpGIwZ3f8eZLVW2sANlrMUllY9Mn.DA7WXmC.lAUG
229,lhaill6c,lbowsher6c@wisc.edu,$2a$04$IDAUKlRkOGbsEghwYNx45eOuj8Vp4cqpHUQGP4HOAr74uIiLm56sq
230,sflaxman6d,jfrowing6d@bloglines.com,$2a$04$cGLSXWjijUnQBFfgG.yFn.I9RuGMWlZaW./PeIMSDfKlwPPwleJEy
231,cstillmann6e,bklyn6e@guardian.co.uk,$2a$04$KXkQFMewOWVs00kaY8q1tOeuzAl1LsFYOFlVm5/neSqcjBWrBA1qK
232,jlaville6f,anunn6f@gizmodo.com,$2a$04$xTSnfDg3TmbVkvyMlXZwgug3eLyJj.uNApwFmrX7fjFooGO4Yh2Oy
233,dstarbuck6g,bablott6g@nyu.edu,$2a$04$ztUsTQ1vMTUxdgqYaAw3ueNPHEZS27LIpr5e.5CTI9vzeGSoKMB6G
234,sseabrooke6h,bcobelli6h@nsw.gov.au,$2a$04$0.hHyWdovV85n3kq3tmzfOTHIJ.x6FJJ37PHcwFO3QPimjwODcQPO
235,dgoodbody6i,rpentelow6i@tuttocitta.it,$2a$04$wpWNVglhlDHOIg7OuxNzfOMAgtVDmTfiPhyey7i86TsVqQXI8UD1i
236,margont6j,bdargan6j@macromedia.com,$2a$04$eWcDMBwyfOUrU3cvQFI0/e2tkZX/KMlsFC2N.jAcI.x.kaopVY266
237,eburchnall6k,ggeorgeot6k@123-reg.co.uk,$2a$04$6RHm4A0GZJZwpZv1wb5yluvvC9DE4nCcd6a1byKPXBkkttGE9U7DC
238,msextie6l,jkemball6l@indiegogo.com,$2a$04$i7dfbaQzeayQxW5ERXo8RO/BMAdlQlfmO5RHTBHrSRBLtJIUBLaG6
239,dchastenet6m,sjanota6m@businesswire.com,$2a$04$T.xAXSbZBST./x.ErRG56eAYqSmDdez5RfHBsXz6xwdfS1ywG5hii
240,cricket6n,ktansley6n@cbc.ca,$2a$04$EtCWXp/TaYXd7h0r4Pflve/NvfP9FEWpcf5qYl1qyZEHx5ZtFq6/u
241,twenderott6o,kjerwood6o@dell.com,$2a$04$dY5C8962Lse.IeXGvjNbZOhWvACFnPhi4ebg6xtcGiaF61zlaV.1K
242,epallis6p,gdantuoni6p@parallels.com,$2a$04$XTkfD.0ZVCbclin5O/6Txu7vG9jOt2vkraVLn87yw5517OvgKwYyW
243,hantonowicz6q,esalasar6q@mayoclinic.com,$2a$04$0wxBru.hEp2CmRW/9XZKN.HS.UssQHUzaZvyR.k76p4hgHhk8si4C
244,dearwicker6r,mmaccheyne6r@nifty.com,$2a$04$6voGiK26Qxkoftn.x.I9DOGRy5Y7bl/b/YEyAGfu/geVF6kZtn74S
245,ldixon6s,spreskett6s@issuu.com,$2a$04$q2o6haYWHQIDOdcstejxFuxiqcWVyJch/XIABga8cUxq.qyUgN5kW
246,hlugg6t,thess6t@discuz.net,$2a$04$JixNxp8.YizSfuef51lm..FKodX42uC5PIj45C5sq7JVrpaHs5AbO
247,vcapeloff6u,hlarraway6u@prweb.com,$2a$04$H8FKJc9mGEGGnTzUagfoZufE9I3Cmoo2eMYLRN4d6nid1roTDlH0O
248,draistrick6v,bpethrick6v@clickbank.net,$2a$04$cYpAko.R5xIhZ6GFXzFDZ.bxLx.VAx1xoZb8hIEYy87Cs8An40L.G
249,cmallalieu6w,mbemment6w@rakuten.co.jp,$2a$04$i8VVfDF38nIJo/DTgwsyCOs3E3uQCgZ7yzK3kmOEWgJnBpkcDdXnm
250,bswain6x,dsaddington6x@youku.com,$2a$04$C2ZQA0iuKJXl65oTdNVonOC2Vi2p4z/dMrTCa0sVNTf/obuYSE8i6
251,scastletine6y,eparfett6y@nytimes.com,$2a$04$aulD.JripTJL1lyerdRYou/Ho7GPKSP8MXshGyXW6QZlyh.Zy9vii
252,dreddings6z,rgoom6z@cocolog-nifty.com,$2a$04$ybggkgU2RsRhgtYI3l6MC.2vDKCoPquxZAaqMmjbEzesK0XZRxWda
253,rpoytres70,itottman70@google.co.uk,$2a$04$s/xaKQcKkyy43Vj.a1q4fO4QDGu53Lf0GlOceFlFpVIkc.omrhMPm
254,hrubanenko71,kchopin71@hostgator.com,$2a$04$TdS480cHqjjvDlZAKjQLSOtzODWX0H73zPPzH/AiT3dYSO/ar0pdq
255,kjaray72,tsamter72@businessweek.com,$2a$04$n/xgwgS7Kh7MfU3uSZ4b2endkzMU/bsA0QpVgkAdGOx7wXvX6pd5K
256,acowthard73,melks73@tamu.edu,$2a$04$1Tz09yCRKsSlRYaF81idReokp0ZlnQeA.4s/PiK1cwdtf5FM2m2Zy
257,qgergler74,mfolca74@noaa.gov,$2a$04$bbyFn0sxGXVJ.b6EmJ3muOEnxwnLiwD9Nqo6LWh5wnKWi5uDWEc3O
258,elarimer75,heaseman75@cornell.edu,$2a$04$qMEuCUIRDOt6ASumOAZbu.7neaMGGSN9GKMYs/ej1O7S4VUvh4Dy6
259,larchambault76,dcruwys76@unc.edu,$2a$04$h.8xe6a7qaz1TheS8KlyJe1Cuzzt374TYprgQUFdEV3PhFhWln0JC
260,pmingo77,dboaler77@who.int,$2a$04$UA3E5hnb3/FDiscKFmUB.uC8abKAwtQv0PN.IJBRH0zUulZsYWLmi
261,cdaeth78,abloxham78@photobucket.com,$2a$04$Hr4qwbGC2guDp..6LQbMrOFr/P92ZIVKZwi4aGb7EeLdLQSlS3jpq
262,bmcgonagle79,cmaylour79@yolasite.com,$2a$04$zN6smgvMnkOy60dplXsiJ.GUg/xSgVDUtf94z2eAOtx0.f2Fvxi8i
263,hcaban7a,eodoohaine7a@google.ru,$2a$04$M.Rx0E6G05EzXEkhM7YDueiakZQwSzL6GpPSG78wvp2EGO7tHB/6u
264,wolrenshaw7b,bspikings7b@twitpic.com,$2a$04$gq6gXXHf98LQO3Kf8vSv2OcZV7yH.8xY2rn63t3S2oRS71Zkp.k26
265,mclewes7c,agammon7c@fda.gov,$2a$04$bdwqbrb.vS0kxiVxtt2Wuego4c9pxZpH7cyJp3OR56mq8HzeZdzSm
266,dhasnney7d,rtomczynski7d@twitpic.com,$2a$04$DG6okFNIe7/EDpf2Enqo9Ok9Amsigc2XJNI.gqAEWMUv/.9cJYKaq
267,mellul7e,mburburough7e@yahoo.co.jp,$2a$04$knUJdKyjbevCT39WQBKHIOCI0KSTSzgtEDT.flZffqBTu0f/mogK.
268,cguerrazzi7f,rneicho7f@google.com,$2a$04$wXXv08Uyeni7m6Bv9B12IeRTTv/QnMmxe6Wj3b88y5geXt8iDM7.6
269,tmcaw7g,fshimmings7g@springer.com,$2a$04$tZcdhWmoR.jzIugB2hNkX.PqIaUgbXSWzi8kCzFoClAmPVPuQvkc6
270,bdiroberto7h,cleal7h@cnn.com,$2a$04$ePcDmIsGr4w7fVsZqUMm/u4HCLh1BwmJ6BBcdarSdx0wTnfL1bomG
271,nouldcott7i,gletherbury7i@shutterfly.com,$2a$04$Lb4BjRGpLlNuHM2mOebv3uVHW26/f1rbF2r7Bh/0x9SeE3WpgBCkK
272,wconn7j,rpettendrich7j@army.mil,$2a$04$yWMBd4Y8gd2ODgdxKmrtSuk9P3AWiXzFFP60NqqqnUUwuBu3iwp7G
273,wdoig7k,lfold7k@seattletimes.com,$2a$04$xtvm4mVcwVFJ4L4J/2NKu.E76OkKDpGmLFKlxGzT8eg44bGTuVQrC
274,blillistone7l,amoyle7l@behance.net,$2a$04$IpdgPSoZxhkwfYWoUFSNdOKsdDz3h1Z2GtguMbeuC1/edESFH.mwS
275,agooddie7m,mhatherleigh7m@cmu.edu,$2a$04$U0EmqoPYeK/uiU9QWSxHU.ksZ8CEzDH4yvSyRC3jzI2pzsDNnRbtC
276,oawmack7n,vyushin7n@wix.com,$2a$04$u3q9m5DjCprOlqRgp41VTeDU0dJhfljpgyTg6IQr2T3z7onp4mu0i
277,earnson7o,cchesson7o@amazon.co.uk,$2a$04$8g/PZZoUTwZjMhKq98w5eehr6kFa/7cUOGox.aBJEWaGq5T7313F6
278,hkoeppke7p,ctelezhkin7p@apache.org,$2a$04$/HGyUgXZPiETZFIQ456GtOIAcjqsFSzfp1MpRD/LYi6fW65jNkJj6
279,tmccoll7q,rpickering7q@irs.gov,$2a$04$rhRFDnqeO.4xvvoBQSNXZ.lLJ6HAs.zUY/Sy/S9Za34jyFW10wVry
280,vdedam7r,lsorton7r@time.com,$2a$04$a9RldD0Y.v8fdKaYZaw6CeuIwtQWtTLqxhiPbUrGkm0r/43effZZu
281,gwolseley7s,gjuschka7s@zdnet.com,$2a$04$rkIpCOQCVMLtvLa5cMHEmeCISD.4MN1LNTHfeEUjU1I4XawN/1/c.
282,mdowty7t,lloseby7t@nature.com,$2a$04$pmhqXpO6a5bNqSmDhwJ8g.iRZ0y.vZgNq052wCJMW0Mg9jxWcvtkG
283,tparkhouse7u,tmorriarty7u@infoseek.co.jp,$2a$04$0Yiw6kwZyVTJXfXitaZNteCliu97YJUz/ixclsNx1kN0.d2TUlFee
284,gvalentelli7v,rbedinham7v@com.com,$2a$04$68YfsRyNnfL2itsooIaL3O/ob75lCELCLNeozTMrNRR0fx6IpNAzK
285,kbyrne7w,kquiddihy7w@blog.com,$2a$04$mP/UApp7EDKiSg9t5UCnl.C5UFah/QHs6HUklWCPJu/mjarRM2JLm
286,ekisar7x,rletteresse7x@drupal.org,$2a$04$ruwUkrE6XgjW8FXv2bsWF.HxPcmcdDC99yEBP.d2zTMEL1dKmmi/6
287,jluckhurst7y,kkempster7y@myspace.com,$2a$04$hQDO9Ult9O2IhyMnyiFxk.MbF1wCVb8BvhhYz2anAD3DgMRfVZCIe
288,nfrean7z,gdryburgh7z@barnesandnoble.com,$2a$04$YSvRwSBa28HK3N3hw.d0C.dPnPKrwy8.9RlUvpjwaJpBZBd4sqy6K
289,vkibbey80,ksutherland80@edublogs.org,$2a$04$JGN4d4s8cGRZiWImqpVqMObLvWK7NyXc6bfZ8ECwjZOdoV7m2Av3G
290,pbohman81,ebellenie81@themeforest.net,$2a$04$.JX1Fo3qlfxmr6Eb4oeFkeqNKFyF5/pZOT9feaZtyi3RHe4eV7R3u
291,pvivers82,yannott82@tripadvisor.com,$2a$04$PV9uSdJKbqNY11hHSP5FTOWBTJ0u3zFXO9hXBvajB8U2K/8IeukRy
292,otardiff83,gantecki83@phoca.cz,$2a$04$xvLA241B6ANbS54dSiGVduBxSL9nnfkev7a3yY/qLLAxIWLnWkHii
293,fdebenham84,rstillman84@newyorker.com,$2a$04$uMfUErv5S4cxuYzBoPclNufVil8oOHFiMRT6GL7oCxvf0pMbKaElW
294,csieghard85,hwettern85@noaa.gov,$2a$04$ivqvCS1FrqepKYSl1reqieE4XFMSDtaEjRciyPULcTdOXHTB7H7v6
295,apennazzi86,citzkovwitch86@jimdo.com,$2a$04$AAm2dG2TFWMb6aWwIYQ4/OHy.PiwzLfTd.aB4snkuVH4XibTHkQRm
296,akempster87,fcasewell87@shareasale.com,$2a$04$HPj73jHiat5P6lyCmcQQ2OeXzlJyRDFfGSpn/gyy2mSKEwOrrc1De
297,rbishell88,vgrindell88@istockphoto.com,$2a$04$o6jFzigERJJo0kgZRQ47W.l8UfGJCLNa/lL6kT9PtZfz/c0ShTNDO
298,abetun89,jbourdas89@telegraph.co.uk,$2a$04$6aWa1mCf/fqf/ar4s2uXzuvOWuNWkSnw5y6ZFKa1ElKSW0pkOENQK
299,ostringfellow8a,acumberpatch8a@salon.com,$2a$04$a5ALp9HpeJlHxyaT/mvfp.vcIY3GyyikQDwLY4kCirdZ27v3XiGY.
300,rbeames8b,ohostan8b@sphinn.com,$2a$04$ZeHXFa7PUURatpA2XiHpGOemkOao3wQksMZIQEcim3aOv2/uAu2kK
301,acarverhill8c,hsheerman8c@psu.edu,$2a$04$RxqOILfCDWzDkPO7CQu1vOnm4zvNbCzdjAVm8hvVGblfHrIrFTvRW
302,jfather8d,khorney8d@squarespace.com,$2a$04$B8wEvOz2.wFTGEUEisFZW.QprdzA/Jc82i68I8CUxwFbdM0h3plyG
303,mbarff8e,nmcgawn8e@google.com.hk,$2a$04$2qbF8aPQc9qK9c4gNpfgvug0mm0NgEuM1Z8O3iEr0TbvpyntNQF3O
304,fjess8f,cadkin8f@netscape.com,$2a$04$TULCw57X0AKshGQgwGXFXukoN008ipPgso3fvBvOD.M7K4zkYqX.q
305,gsommerscales8g,ddahlbom8g@cnn.com,$2a$04$I9MYGWt4uDYBjs6voeJdUu8wAidm6hZxZ56WH19u3WApYXV.6hh4K
306,rsisley8h,fdavioud8h@ftc.gov,$2a$04$y4l/n7yPNevcJrkqKws/V.axcnfP1R4AagtLZ9OKXSeOvWo93MXNC
307,dbenneton8i,tdanaher8i@mtv.com,$2a$04$zr3nBZEFXmuxs12tXFByE.9HP6TfKN96j0AmRKI5Lln39bvsE92hy
308,tpeek8j,nbrotherhead8j@istockphoto.com,$2a$04$lO2K5A5SACV.QAdd4uXGYumcfCEAN5YzHTDm4CEcFZ3iZ6AWltcQy
309,rinns8k,aohartnedy8k@buzzfeed.com,$2a$04$ULwZddmnhl52Z53BPS4EKuJaQNHbBxbzPXgdy/j27kJ5N7shwzbk6
310,ccourse8l,bjakubovits8l@diigo.com,$2a$04$xVZ/bpG9bpFYbybgPZtV0OHaU/QgQMtfQZu9nc96JUMtIE5uGZHA2
311,aquarton8m,gruslin8m@privacy.gov.au,$2a$04$9Ur6p2ubpwrvrNabZehvx.HEl2cJZiaYG5UoZ5bGOJRckCg/PW1z6
312,plethardy8n,aoriel8n@biblegateway.com,$2a$04$raHjZMUT81P1fhoi58NKUuj8zz2FjIqti7vawJ.ziAiEV4bwWwN2O
313,egigg8o,centissle8o@usgs.gov,$2a$04$T33HOBur/RVuoLBEaBLxxeeupRBs0AQ/Atvl0kSUPdP/o21mAuo4.
314,acoast8p,trowes8p@github.com,$2a$04$LS.14IXUgs738hZ11WxcnO4QoCnbQt0EA7Nm4HjMPrd5VQkV9HH66
315,tlatorre8q,mbrookton8q@purevolume.com,$2a$04$4Z.DPKHufsziahjiRqyr8O/6jYOv1ww1flczmUbbNhRNR4rDUdV3K
316,dcrenage8r,gjeannon8r@creativecommons.org,$2a$04$F3iU8NI8UhoS3Wzxbo4Uy.I05GNuxT6pPvKOylUbBa16syYUZM/0O
317,vgreatrakes8s,cmcghie8s@csmonitor.com,$2a$04$3LBay1RC8saXRkj/dR3OOuobBfuiFWleESlJS//WqX/8myy9n6ZxG
318,rbouzan8t,cdorie8t@aboutads.info,$2a$04$iVW3W3irVd9dt.S3XEz8suyri3zHItAqqYdvv2vPgEFbV7NS7acP2
319,cclouston8u,mrolingson8u@slashdot.org,$2a$04$ooMLg22x361txkhoVZ3Aceef6WPGIv/vZTNg2gQ2Z3slHcnXrG5T6
320,mgoodswen8v,cgratrix8v@ca.gov,$2a$04$ToPAJQI9J8IJ.0Wa4q.Kn.oTBzCJdBMDJgWQ6DBL39T3blR5XaOHu
321,shazeup8w,mchasmer8w@cpanel.net,$2a$04$DIyw/32AVMP5TJWU/YeFxOsLXYJe3WqdREVig7SCpu.UblsVC/GjK
322,pfulford8x,lclementi8x@newyorker.com,$2a$04$Vl4voxq0ySqhdQbNYFLk2.qBWgEupedp4l2QFfkLWEYOtdDVPmfTK
323,glacroix8y,ngilcriest8y@mtv.com,$2a$04$5Hpf0LbzPdRskb4AKNrOeuZrYtJqYDNPChXkck2oLeTWfxpqNPfBe
324,opatience8z,jcarlisso8z@fc2.com,$2a$04$IehgfODE3d1JONyUjXpSEeMF7j.c4KWNzMFIhTwBmGRSVdqYPDtqy
325,plusher90,plemarchant90@discuz.net,$2a$04$m/vsasWicYLeEIqnbNZ8MO8flB/eWVPZEIBPZ7.0D5A9G.DYzt0WS
326,ggustus91,gtidbold91@hostgator.com,$2a$04$iit1tykG6vKdbc5sEUVRlepRAp4U56iXeDws1vcQK3eBp0c9/B2eq
327,fhoopper92,fdemicoli92@noaa.gov,$2a$04$AnGB/7B3O6N1A7SGKrqMdO23UToLL39gPCFb12Jc8uHUjq.U1HZ5a
328,ccorton93,rgillbee93@uol.com.br,$2a$04$PzDHtVPU2ikw7DWZ60Z7IeID8aE6XDqFMqQLQW0zmJKRltAARnize
329,cpolet94,amcgavigan94@wufoo.com,$2a$04$ocfC/0rcnLAAV6mSoLrp1eyzP8cUBLNESRynDYBRur3PQcTkOEUwu
330,eshankle95,cglasper95@craigslist.org,$2a$04$.j7tJsoaHwQgUmFTmc73v.TJxzSzjw//umH.SZXNJJYI/tJcy/GMi
331,pcathro96,sstockbridge96@cyberchimps.com,$2a$04$ZUXf5z71H.9HJrb0Th6dVuIYlCTCnQ5ExJomc9.htzLyveWCNCdFi
332,ddonnison97,rranyelld97@soundcloud.com,$2a$04$RkKCnNaG.Tm/djpMl5lWp.y5GAf7zYfWPi8JJ7/nSY4rlIEVAkCFq
333,mpuddle98,bhullock98@weibo.com,$2a$04$fCSM3w9a.4OMmjBtvOFVkeJJ2sFh2r0hjE.IvGyMxpzD1pYmEPWz.
334,anoe99,jforten99@accuweather.com,$2a$04$IxmZi1lN1vu76jjimHuwT.Xa9.9cgtEPJw/VmSD0.557mCnnDXZaC
335,bholston9a,cpanniers9a@si.edu,$2a$04$.IPavCqDvUCD1z9wEiFJuOeSalK1UlSCcC.300JNpn45NWuC1pHEy
336,wwallentin9b,wgilfoy9b@w3.org,$2a$04$hwGBrFotcpSGPRs4L7FDiO5O1aYKeNdBpshJU91W63uN8yHKqFnW2
337,epumphreys9c,astretton9c@photobucket.com,$2a$04$xBTKm7teWaKNNYuhmKd5B.Q.Bl457v40HG/W.nA0lqgJPnDSNMmH6
338,gmayers9d,amolesworth9d@live.com,$2a$04$PBR6i46Q9I6TKAnHbVLm6ORR1QPEEoFwkzzJFWFhz/jsOHor1b6wS
339,ncrissil9e,mpashan9e@yolasite.com,$2a$04$FCs4o3ATMcS2dzmRr2dZZu3JqVcE3AqTbnn8pU3tTAYNKW.WZr9z2
340,hkilcoyne9f,rgoning9f@ucla.edu,$2a$04$jjs0xhls6c9qdEU.Hzp4zO7sSsXxa/oprekmmoLUD7p0JhcWgSV0q
341,ctheobald9g,fbrundle9g@geocities.jp,$2a$04$A0VuYxnF/1qEZwEFUmWkkeVsdb3ZbkmGg.m6UO5mMRJJHjtnlZ8mm
342,phughman9h,baymerich9h@furl.net,$2a$04$UrQh69X1sHdQ6QtiQ6FpKetch2lNuWdxTl5CCpYlcIa5GIK6zRj7O
343,wmcilvenny9i,wtweede9i@surveymonkey.com,$2a$04$igcxe4dkWa/LzIP8gY.wxee12Jy7u2QMV2G7jDG0nEEp7onWblXHi
344,dganders9j,ikorous9j@sakura.ne.jp,$2a$04$toXjMDsr5llxOmp57TQp1.t4lCvYdiVGghrf/Al2wVkqOO5aHIwpq
345,swalshaw9k,sborrill9k@webmd.com,$2a$04$MHn4LLDv3XRp5OAPOdmonOiNAR73y4UPxJllvEMHFq4MWJ.d8pUMa
346,fhussy9l,tnicely9l@eepurl.com,$2a$04$c88tgUj4Yvq9.3ozawr85uDE/O6Mqk/96pCb2dB29HIqwiHUY8yuK
347,esieur9m,enutting9m@bloomberg.com,$2a$04$3LUcSnj2WPDJ3VgCn4kbR.KNDll38bETtyyvHWV81y.TCDFrlbo/2
348,dlocock9n,fsympson9n@bloglovin.com,$2a$04$z14h3HJ0yuF5N82txKyObuq2xV6JALZD.Gi4gHrq7U8OtJbGvLq/S
349,glethebridge9o,dmanicom9o@utexas.edu,$2a$04$ivdv6I2H/nJmM6tn6ROAx.GmGev5PupUtNKWYUu7GdAyiuK0DklWa
350,lelen9p,pdawe9p@mashable.com,$2a$04$bc6qTJzsDB/EC0HXPAzrHuLZq9mUCg07IXYLmzuLfYkgpvRymHtlW
351,ikoppens9q,zmckoy9q@globo.com,$2a$04$V24awKZZVcHkj7i..XeoZOS8bJBwPGvssPabKUJ756h35ZezbxgOO
352,ecosin9r,kbrazelton9r@jigsy.com,$2a$04$5GFk9gZyct6.W4Fu/tiJqu07Jkdk3ckqYSpkC4lutx9MbzjqCyNfC
353,efeacham9s,emockler9s@forbes.com,$2a$04$fB7kyPVMkcLHwOKSWOc5WO37NbmmPY/cvMJWp23pd1FIuQm.SEob2
354,mbessett9t,wkneaphsey9t@unicef.org,$2a$04$DDVrssp1HCNvhZBfYM6Nb.Stn5XdY9B2xrIq6mWRATFG7nO8EsHJy
355,torteaux9u,cbleue9u@ezinearticles.com,$2a$04$5uYBYzcoeMYswZJA2gnb8OMsBxsmAOedO4jiW5MXINP6hDRcxhhki
356,plehenmann9v,pvaugham9v@acquirethisname.com,$2a$04$8eCg2Og1QNkHaXCq5iB.OePQmYxx1aTxoGcbwIjiZbh1kUcyqIWna
357,kbrennan9w,rcooke9w@rediff.com,$2a$04$hZ3b2xhCTQpLNJj.hc8BzOaMB60hdNuqv4.5cZ/5ufpyCmvUVu.RC
358,tgrigg9x,dgiorgione9x@goodreads.com,$2a$04$jUax48blxhrW2CemDHlcsu5ALFN7ywhJTQZklECeCCLS/WaNK2I8y
359,gfindon9y,dwiggall9y@disqus.com,$2a$04$Nq6Z0CRmMoRumsoPH8um4OxHYalLUoJ5JHmcpeRLV6jCBef1dUjPa
360,cdun9z,goyley9z@cornell.edu,$2a$04$lx4flehGBNwemJZzwKF.5eavLxJLTNEGgJlJP3wHUC65MS0y7RF0S
361,sfaleya0,mkniftona0@ibm.com,$2a$04$eOVh7xSvuxPOPK3R64vKmuChqlozKdIDgjUJ330vd/1GqYR8Y.h6q
362,agreateda1,khitzschkea1@zdnet.com,$2a$04$kuXCFHdW.DZGmq8OiZTvBejO9KaqfzOprcykHDCIo9FJKz.hQ6WrS
363,dedelera2,userjenta2@bandcamp.com,$2a$04$tw99lTnuEzpNzodxwm4OjePvXf.A5lFpKWziRdaTnejTy2myjPnL2
364,ahagstonea3,dhullyera3@networkadvertising.org,$2a$04$dBPPc3F9bepFcb2R30R5d.pzhVz8tNLPKjfqThMk3XqDC11HsbCl2
365,bartissa4,lmcconwaya4@nih.gov,$2a$04$7UgPyE41f5MfE0cNjfO.YuaF29vU8qxCQF9JZLSl.WKpaUveMYPua
366,aschrotera5,lflecknella5@house.gov,$2a$04$1hhrJKZmXKGKUaYOiyXJ5uoEEDyElvtW4YVvMuTmjUSHHTWc5dZtm
367,onutbrowna6,hbraundta6@themeforest.net,$2a$04$AP4soCzw/Tq7IKu7iLhHfuTKt3eI9v.i48LO7GsvXwUa26XMNw4um
368,fsimeka7,dcritopha7@domainmarket.com,$2a$04$yPD56g1PGYnF0kPxlUPL3.HeeJbqBCipI1oshWOlYRN4K6vKPjVIq
369,ncancellieria8,dburkilla8@un.org,$2a$04$NAqQQWIed7M6Xq1ZMBAxOexoBL4kpJnBSlb7lUqcRs9WIiUfJZHoe
370,myulea9,nleana9@cam.ac.uk,$2a$04$R.eTBrHuffEtaJbJO7/3.eAE.vnhP71LK7jnB7itK3hE/Q1KegUUu
371,tlittrellaa,hpierrepointaa@sohu.com,$2a$04$0662ig/PFdN9oVmUB2WC5.SEPnS3mzfJswCEXRjbR8nv2l3aPTMkm
372,nhorneyab,rjohnseyab@nydailynews.com,$2a$04$m2beHH1nFAa0lCJGivaAJePivointNpHcXMaHPXlYGW6lr8d7tNmO
373,hgherardelliac,rslarkeac@smugmug.com,$2a$04$5WbDsY1pPFbhydU3Vkc74ehjFSP4MR/iZeH5rJHAPaZzgxbn8AhQq
374,glebossead,rbromptonad@odnoklassniki.ru,$2a$04$OIO393i6WEqkUrqGn3QcT./4qpd1JnZ47MwXDTRZOmsdMDKBDdW/a
375,hpoynterae,rwaceae@linkedin.com,$2a$04$nHMXaBBcVMAdmSNM1MYhQO0kcAkVtyqWZxcGtlSJMHetHaEkDORZW
376,gosborneaf,bphilipaf@google.fr,$2a$04$KFS/Io/6g/I/HpK6QdnpK.HlVXyesMDFGvJ7Bml9wgfhAHb68w17q
377,fewartag,sfontellag@boston.com,$2a$04$qA6VqSVcl1Kjy8Noo.0JquU/e3db9V2QD3r0CwvirsVCzUWI.N2Vu
378,rdurnfordah,dsparlingah@blog.com,$2a$04$8mzUjqELaZRM/J8ZbsxWuexThoYrxpQz/v41MC8NX4b1CyNmZ5Xca
379,croarkai,bhaworthai@google.com.br,$2a$04$HdRPhDLSE5/6ZHryWLkDtOKIPUhFd08x.P7NXtViJeUEfS8qw5Mse
380,ibelhamaj,hpoundsfordaj@edublogs.org,$2a$04$D6NpXHDRvRJ25tlNse7FquX5a8QZ.sAC7kw.9xd7DT3m7hMB1UPj6
381,lpairpointak,troncelliak@blog.com,$2a$04$mf15hQtzw3xAiA7b.Cveiu1vP62jBqTrNlUgzB78.rYUrVFPvs1RC
382,hfaraharal,jrignallal@google.com.br,$2a$04$cx83xMJOYkm3TgSJOcoVguhhliR/Wz0n8FuLJBCDrcuIWO4e.4Sm2
383,cdannam,ubeatenam@gravatar.com,$2a$04$LC1IBMHZqczubV9N8H1UzemZkGoOF3JrVvlFiM2saWVB9Yv2mtKQW
384,bangersteinan,plinchan@dedecms.com,$2a$04$RRdJxTPKYiQaUmx4HQnyrO2/Cs.2TvGv5INBmDLH2/m/2oOf/Be9e
385,fferbracheao,ctanslieao@is.gd,$2a$04$IAAOi3DbxT5QG/XhdIJ4yeTqLDvL1cWgv27U2xnIPxrXK/oFrzOxO
386,kchampkinap,sdunbobinap@ftc.gov,$2a$04$rkKKB3i7ngmnv3P1ktPfWe9OZtlf35K.Syp1EC3Ge.mXQVbs97T.y
387,rpreshousaq,acalbratheaq@princeton.edu,$2a$04$xcPyL4XUPYYR6ebYq6XdVuzcV8z.Euhta7GuRWE83rArongRfp5cy
388,aspraggear,ddowsar@examiner.com,$2a$04$Lu9MamTbUwL8p3Tv0LH4Ge.JW2HO7AvOe2SatCfqcfHdXVckf3eCe
389,afillisas,kmarcinkowskias@amazon.de,$2a$04$2qmxG.BfRrm/GNbHZgd42excJ/ItlJH/RA4Mm6680XaauREPbvwey
390,relizabethat,cpidgleyat@wikia.com,$2a$04$BKMP/mBf9c8r3dUTR8oKjuhAZrsbdvoIfqwZKnZ/jloJC9MhD.wUq
391,rmchirrieau,oseeneyau@discuz.net,$2a$04$AIhTD.epFrgNBanEGxuO1uRlwplZyLy73o8WvJYVbefjSdOq1AuZK
392,mcollav,gwardinglyav@myspace.com,$2a$04$tID50tN7HCKklYiK4nvmi.g8FbJdUO2osD8O59Jjs51xQXN5Q65sq
393,mjeffreysaw,jpfeiferaw@icio.us,$2a$04$abP86lNUcC1EXpRMa7MMiuOaV8GX/0mWfMjEsENTikgA9WOnjL90q
394,ebaynhamax,nsnedenax@boston.com,$2a$04$9WhJdYsTSpAUTZqGMmIujuVxFYRTv7rCsS83qAaFdSsZnoP0h8tRu
395,tfaceay,aplettay@dell.com,$2a$04$vrT/P.KzgBxx5JC0EykzwepD8ohfxGUe1IDXw0WLotpUqWBQF3hHi
396,gstuteaz,gbeininckaz@angelfire.com,$2a$04$4K55XUSbmP1UeSFZ8mbA4u89Iybq/BzDznl3E/fwHNizbwj1DsMV6
397,erannieb0,cvaissiereb0@cpanel.net,$2a$04$Fsgik7B5.SW4NGciwJcQEOpcjw7Wm7CCpSH9Q/qJyIHF5wZRSg32W
398,jromayneb1,bsleightholmb1@networksolutions.com,$2a$04$1uKwA9o7JuxF4N3ci/eCLOwVe.r9mR0p21eqkBPlQ6WTZLfS9kS.G
399,hhancillb2,lsterrickb2@wired.com,$2a$04$mfD3Kel2sb8O1i/0GrLaM.4Fz3VAQvfwko7IHuofHh9EvePe6jQ4i
400,vcrockb3,lrosenauerb3@amazon.co.jp,$2a$04$BAWC6tnOijNbnhjH6Jhe2eVNZqK.YE5KwVXzRbkpI9yiE9SoflaHS
401,rotteryb4,mmclaineb4@yahoo.co.jp,$2a$04$jpQKbj4z5XTkkcuqwuAmsOkxL6xLNeQGnGoePLMj38SmFqQE/39dq
402,rscoffinsb5,nberb5@amazon.com,$2a$04$oGm5XemCzmRyjwWWRxebo.y2/2A0rZVDvCS4ZJNY7mb1n.dIZsaAi
403,orankineb6,jivanyukovb6@angelfire.com,$2a$04$kcH1/EyKzS.BMH6VQSiNw.45.yP0/AEhq9JtRWnUcTj8iLJ60nZJW
404,ifallisb7,akennerleyb7@squidoo.com,$2a$04$LAv9H8e7MynQU4g2tywXG.t/rAMJf4BZWaZJbWABx7t0vzxaGwX9C
405,cstuchberryb8,drobartb8@hp.com,$2a$04$w/s5S./3CmELpxUtLxcMiecUU2MfbhiLe0te9SsJ0wfluKrpMq/z6
406,bdobsonsb9,mhorleyb9@printfriendly.com,$2a$04$PBcZeIEg68.c0AT5YB2P/.kG8QQp/TdhrVGYykClQMe485XYBQShm
407,jbrocktonba,bkroonba@globo.com,$2a$04$BLfRcrf.VsZ8Ueb9vNPDteXauD45TU.1h/mgIXn32nye7JMx/Ni0y
408,eslaytonbb,cmurgatroydbb@php.net,$2a$04$4tYKQwB5niA2Ymty7.cEduQfr2pm9/joXqX/xra53BHZobcmggQ66
409,kdahillbc,lpatterfieldbc@paginegialle.it,$2a$04$L8umq/0qSR4LJb5cm7HKTe2Nx6oQ5rEo3bYXdeVk1BTQ4BDjhW7OG
410,fconwellbd,eporkissbd@list-manage.com,$2a$04$m7J09BN2YCOgQ9RL.ZuIE.o2nYxPxh/.Y3tcIv7Cen87.LWraXTZy
411,asilkbe,emannoochbe@wikipedia.org,$2a$04$QOnL./bETyHxL75yjPN0zemOLZmr3.cfEaVAj0ilQL8ZvRQ2ZNMbu
412,gderyebarrettbf,nidabf@va.gov,$2a$04$8ZX0Y/YzMMsBv2edZxmaKOCPRGngfi7Oq6WJtW2cz6n2TgNW5BRQ.
413,tdoblinbg,uharbybg@stumbleupon.com,$2a$04$OAwnLOcVhtay3Dwx2D29X.EgHq34hqpuVu7iFZmZfTWFOmEQQs0fm
414,vcosbeebh,wbustonbh@weebly.com,$2a$04$DLv1GxUoRZ6RnZmTjsliW.kW/.wsOW2p6lAhoya6F11b0WXxIfrRS
415,etebbothbi,amackenbi@ameblo.jp,$2a$04$RN.Y/M7vBqtqTz1zHiM7Kun2uVMWA/zS6cIqpR5N1p4lxf..3FiSC
416,ibeattiebj,rleipeltbj@github.com,$2a$04$a/NZbkuzTTcZbFYt6JH4Eel1.NldTzm2xzJnWJF7rRBQBHP3J25fe
417,bisenorbk,mrolfinibk@bandcamp.com,$2a$04$KipXJQzy/rn4DPrzDjly.eRpEgKkabj0zKkcghCXXJMHU5nv1pPNa
418,mgreswellbl,rizakovitzbl@addthis.com,$2a$04$NGOy16u0KzF07s5VvUnpmOyIMgkkR2P.pL7y2M8TCsktMUjaGlxry
419,rharkinsbm,dcouvertbm@newyorker.com,$2a$04$J.mTJJYCuuogoYWgOYy83uuwIqvZBmy7BMFUDHlXJ/KFXL8WTebDO
420,creadingbn,lvedntyevbn@spiegel.de,$2a$04$Irkzzc2ItpjkdX5rx05KuudSISMl9yPoPEeZC9oBJSCNGE3c0b4Mm
421,ccruddasbo,emerrybo@blogger.com,$2a$04$LT9jliq7vT.G1cEaM4Oov.Uiyg9fuo1zYR2k8S0PIbgzB7Cr9zQwK
422,erivelbp,pclemptonbp@bloglines.com,$2a$04$YfYw20yYjYrKrOPzI.A/qugehczvdnBcUgLZWjsX6BdQqWqTkshAW
423,kauldsbq,nboughtonbq@meetup.com,$2a$04$lpSTueX1Ri9vhNUJSo8qJuEwHPOuQEOh8Ur2mhfxVcilIlsCrlDQC
424,hpontenbr,iattridgebr@google.de,$2a$04$Io4EG/KOz.17nIYnXpaLke5ECQVPAd/8urW2dx5WoNwDiLanbph0i
425,flotwichbs,vhindenburgbs@github.io,$2a$04$7o1Ld6AI4Cnu98tF.TnAG.Al207WKhJRJ.7yEbYzmv5qKOurNEb9m
426,skennbt,hjaskowiczbt@jimdo.com,$2a$04$WrGfmWOchMhViQNEdh8ZqOUcrwSEOrhtZ3dO8mgAdBEKqtLvF8ua.
427,tcalkinbu,atayntonbu@topsy.com,$2a$04$i/1g1XHJ5SA8urc5bsZfEuKbms8oUiOY2s54I8Q/T0mxx06qTrsfy
428,sosantbv,efernbv@storify.com,$2a$04$1VtdjGRlMvxOod5yK/IOM.YzkCbal4alcIZWTRWzITI/Nfc/bcPEq
429,fengelmannbw,jjoskabw@soup.io,$2a$04$FcaKMtIm96oTrlJLWMvRf.QZmAxV4sDdzfW5Qq6HwZi2wV/Y3/PY6
430,lebbittbx,msleightholmbx@cnbc.com,$2a$04$4t.6DVoO.jTqQGm0kSMgFeGTuUrNYZvs9WfdNdS4jcuUkyxWK/eGS
431,nbarsbyby,lscandwrightby@nbcnews.com,$2a$04$T8HVMpOLELgHN9.E6XSqn.9hbSBGtfP2OIP9HdW0.wOQz5KpBwpxO
432,erousebz,colifauntbz@cloudflare.com,$2a$04$FoCWQP7NWSCZnWWcQCaDLewWPGD4X.9uNqY.UWJj00XMVIxTW7GKO
433,zbedinnc0,rcoulec0@gravatar.com,$2a$04$zWl5ZU4N6S1JHB5gsB7/DO1nNzC28ykKk0/yg5Kwhfwyy19SUfdKi
434,nprazerc1,klealc1@drupal.org,$2a$04$U/lsOSdQtsAqaw/zjBh6CObMK4sY0KoaCMiqDMoOx1iARLlyse8zq
435,cspurdensc2,sastleyc2@hostgator.com,$2a$04$//vk3/5ecd2BsX280SyWsOie3DPkHZF9ViBft.WWwWk7j4ItDZeyC
436,cbackhousec3,rcastelc3@vinaora.com,$2a$04$oNaOJISYbkJBnccjk.KtmOehGOBwfo.xu9c4zhOorHcf0BA14cah2
437,kmacaindreisc4,gmedlerc4@cisco.com,$2a$04$vRYI1v20gZ1XSxB1zXoNIOHi/3JMD.n5If.k2SL0B5RMaQX9INH5G
438,dpodsc5,kdreganc5@eepurl.com,$2a$04$qQSe4xIJxpqIV51BiK1rj.yLiiPYmJXEkGvNM7Avb9cFQIWlXjBdG
439,imewittc6,cewinc6@comcast.net,$2a$04$ZSSJuMf9hZCQ1er8ngW8RO2oV5sXVSATS0WSpN6eJbY9RRNotSA1u
440,wdoramc7,asnodinc7@hud.gov,$2a$04$B6oVrY/aX005qpgfM0V0.OzBbye.lS.5mF3V.QdK.rSaHwHK7FwsS
441,trunciec8,mtythec8@squarespace.com,$2a$04$NrFN1Z4TLVDnJGS9jJ9kgOLc7FXDZFb4MccBmHFBQPCpc.ndAtL2G
442,ahillandc9,jbrearc9@yellowpages.com,$2a$04$qr75IY1p7VMQSHKT6MThBOO6PI4Vtg8E619xmByin7vxF2u/50Hmy
443,nrustanca,ftrengrouseca@webeden.co.uk,$2a$04$8bYWDkqQbrN9fAOXqrgHAukWMf9bNHQzpm7jWD0JegEtUr5dHigU2
444,dbunclarkcb,cdundendalecb@alibaba.com,$2a$04$qCEgm8huXarnEOCUn9z7S.obYAXuEfyTAy4rLcvjyh4YkMZWoJqQC
445,lhanfreycc,priddifordcc@jimdo.com,$2a$04$a6I7hF3cV5683dBxB3rMF.j/cw1SP3T3FCuYZhdXsN9ohmh5FXmhC
446,igaylecd,gtomleycd@lycos.com,$2a$04$WIiJn9UWmhxq2KZvB/xPlOcoc2CIocb5fp9ZlHwI0k5JvVHuZFYGO
447,rraimbauldce,omerrikince@patch.com,$2a$04$aeUb91nNhcooqjeXvIpaD.FZDscjsl7NKSrmnppr23FpLQIgzVw8S
448,gpetrillocf,bformcf@goo.gl,$2a$04$F75LGPlrxcqTeOvKsyKCbu3ZJfyGMhFdPYpvHriFJjCNOQ3QcKOgC
449,ialimancg,losherincg@google.com.au,$2a$04$SRRsuJHoKsqbzrRz4vuAb.y4cCVjtZy9Vyhx1ye.buqCv56kh/iqG
450,aeddollsch,gmeiklejohnch@typepad.com,$2a$04$gmJcloTfkHl1VCRAdliqmuwlazXsgnFdSs6LhWPP23cJdOoTYFGOG
451,eromanci,vmccheyneci@biglobe.ne.jp,$2a$04$ih6.1Xpm6vvYJy8rD8bgp.i0w9MZsHoa8g5/RaIhK8xTzBf1zEbna
452,sevettcj,kheadechcj@webnode.com,$2a$04$IpexH2c/S5k1wyg961UoceihnsA/uzav9VWmp7aDsGdtI99F8ISfG
453,lregusck,lgrigolettick@uol.com.br,$2a$04$5c6g3bni4NFKZBpJnmbTteHg/DAEzIC/sVf8MnUiblIarDPCB5OMq
454,fbakeycl,mbaudetcl@boston.com,$2a$04$6q0PGfh57eMt/qJVTSih9eCy/7igwhqYAQTmxoshhP/1yF3oAsxlC
455,azimekcm,sbergeaucm@cloudflare.com,$2a$04$l0BbFODolDVhs04y2utqLuskslbHQV6d3b0v26KYZRlkkHr7zw8JG
456,foakdencn,astermancn@vistaprint.com,$2a$04$SmiJ7qj3nSrSL72VJvP36uvjXWzqn/RpqLqlcFo38FI.8KiWVbvl.
457,sohingertyco,shuegettco@zimbio.com,$2a$04$WXw1/V.gwlXKznpb18ETAOYkBnvtOFs310c9pTQ2.y/YT8xwduW/C
458,jthreadgallcp,shelbeckcp@theatlantic.com,$2a$04$8S9YCqGJ3QB5p7v9Pqg8H.zTJUBqe29I/Esf0sGCWlQoCBDw1GRqG
459,cpawseycq,bhaugercq@taobao.com,$2a$04$PARJPGXujKkP8g646hkx2ejBlt/E2stE9Tuj.AO3nR0iBmRLfKYKG
460,eromecr,bbootoncr@huffingtonpost.com,$2a$04$/hle3m/FXyz8svx7J/ncXey2Q.1CYfFLpzxdVX.i8CjmA6wgWa19C
461,cgodincs,barderncs@sfgate.com,$2a$04$Hlo3tDaBRN2QIZChL9Htp.AjgCFmYjCVFcdRpuo3EV//OEw6/B7Qe
462,rripingct,rpinnct@vimeo.com,$2a$04$pBw/59k4f5SloK9C0Bwl8OK1VGKZkAlh9uy7pLEqpm59kjf4NvmLC
463,sfetteplacecu,fsillitocu@tamu.edu,$2a$04$SFdtNGQLoco33XAk6d5GAewd5.r44G5JHvnjvcnq40OZ3csu1Bgce
464,jcrowcv,iilyasovcv@myspace.com,$2a$04$ilao/1cjaL62ST.xEhy8UeIIiXAQBfQn9/fUEnMhmTPXBJB9Etq0i
465,ddowercw,mscothorncw@gizmodo.com,$2a$04$/3aIe5HTKgzIEvMJGuQdFurynlENLLK.sUjtbh1UJ6ey0Kq/wmqaW
466,mcicetticx,lchaplyncx@wsj.com,$2a$04$eqNHqe89hltyLrFgQleMXuePPB9V5542cXG0QQvfRWQWwg9X/7mnm
467,sizatcy,rcarlillcy@cocolog-nifty.com,$2a$04$HVLSoWq8dH8jNkBv8GryaOiwcAqPyZKml8xf7JLwdztMZBeAAhOLq
468,dkohnemanncz,lmcglonecz@sphinn.com,$2a$04$YATQ0dqp61sIvoPgammOlOcgj..sFAVMEhSwc4mGQhoIzZtdH.DCe
469,mdrakersd0,amcpartlingd0@multiply.com,$2a$04$R87Xn36bO5XCLJnn8NVeD.uyHYNdyrL3utkV8Vu5dIkDm4kBbjiiC
470,ggerbld1,vmccarrisond1@earthlink.net,$2a$04$eaA8vgUh.wGkWp2pv0PfzeWAaGrQGkaUiS6k6xvl7ZqfQQJ/Oj4/i
471,traymand2,nshotboltd2@salon.com,$2a$04$IhHsGJclR31dRgZqxjZUiOJTruMGgwU1yYtn9kFkXTH317hVk5YSe
472,jlawfulld3,mhaggartyd3@altervista.org,$2a$04$wF/ecZCH/YjnN3ZJzREknOdN5mE.wUYrdKqAfAND9e4TPZYpQekku
473,rbonard4,jbubeerd4@yellowpages.com,$2a$04$mkUbjA3Zop2C4svHfwo5c.301aFgvN/69.MtIEpQdL1icj9Pq.ana
474,cbattend5,focullend5@free.fr,$2a$04$yi0zDFu7uZmUub4ucgnpzOCSIPjPnKWqiptXoopsiO3qRkWgrUorq
475,wseacombed6,cvasichevd6@ftc.gov,$2a$04$KyHKDFaItqcmfDd5GsmpLeras4pAOcdVsMiBeIRPm03WbdAASWUvu
476,agonzalvod7,cofallond7@youtube.com,$2a$04$wca17qk754p3IqWpg9TAqeN9fgC//3Bn25zp/0UHaR2XNDgh1cR3e
477,dputtend8,griquetd8@si.edu,$2a$04$zA4yDtma6dS8v4SoPMhF9uweom7g4jVLz9wVSZELlBQ/QmOEdT.4q
478,cjewksd9,cridlerd9@bloglines.com,$2a$04$YUpGwEOQ4toEXIakC6JNzeUPFIrBvPxhNaSmJ6iTYA1jKIvGiSR8G
479,lsouthernda,zdilaweyda@wisc.edu,$2a$04$SkUUTKM2ZSNnDDr320CHpeRHoo/nkpMb99PoJWmYPWBlOfrYFfjTW
480,rbentedb,hfranceschiellidb@ovh.net,$2a$04$jbWQyCwhar30gxkSR7rQIeuQ9SX8gZYehgiCOPcg8aVZp3dRNJlCa
481,raddydc,kgysedc@independent.co.uk,$2a$04$J8sC.1k/F2yzqrK19p7F1O57FssSgHsnREYNUKB22elnrPTWNtpne
482,mmityushkindd,dmacmaykindd@slideshare.net,$2a$04$WY0QGNtmzUZUzbN2OEOd7OZZ2wrWuQPQibhOf7p42muFsPxcV0oJe
483,cdurekde,hbraidende@rakuten.co.jp,$2a$04$1jhM91TaMsiAVNcIa0pFJ.OhyChIIIw9AaQ6HM4c1ACx5f6yZnFvi
484,rducketdf,aanthilldf@dailymotion.com,$2a$04$ZkiEnKF0WIwMPbvxl8LYye4nxnV3Ey6dZirzXI9/ZpSWCRa8A7AqG
485,dmacekdg,mboyettdg@wikimedia.org,$2a$04$wf4tUAE04KykC4LPmJaxu.WcBbQPKuN.9jCUaC75rEj14unVuEyxS
486,nantliffdh,ktaceydh@cafepress.com,$2a$04$Xfr5xLPs/Qv0lE33vKi27.KJhdS5OruuQNLcng/M.Y6IE7cwp6ow.
487,eovisedi,lkinghdi@parallels.com,$2a$04$jgxnMjiMaCA6IJ83DHMAF.VVNb80msBbuwzmXCu5zi14Lu7JnVA9a
488,cmacgowdj,rcraikdj@state.tx.us,$2a$04$MPNhc9WSDaZbaofg9d9uwu0izy8hSCb7SijEHpAPZPNKmlmFVRDey
489,ddanceydk,mpaulidk@washington.edu,$2a$04$M4dPyNmqtUn62jzX0pg.3u6geONlm1DIitsXST4ivROuvtgDDb.h6
490,wbuckberrydl,btraherdl@telegraph.co.uk,$2a$04$hn/5g.gRANQTUmTvavfIl.UanmsHIOpZ1tEgVhrhrqDffMd9QblfO
491,cminghelladm,ewoollacottdm@squidoo.com,$2a$04$7ZxG6BeDpOm06xTaepD.cuaPkdFPDwwUFXOu9JdjGvXJblmoR5at.
492,bmarunchakdn,esoffdn@diigo.com,$2a$04$sxoSOPlNrZzWE9v2MfQwEuxKEgNnMjMdp9VjSW/emukpc9oKwxh6i
493,rcummingsdo,cbohillsdo@reddit.com,$2a$04$j0gXzhCdJNXqSyB7U/7AgO.bhf9FThCeUf4ZdqiC8bUoBQkh4zWOu
494,cwhybornedp,choudmontdp@jimdo.com,$2a$04$0RC3l.utW95oBWwE18yRzem99/sfQv6NE9S5myxE3ZjkA9GtQz.sO
495,rspillingdq,eivattsdq@unblog.fr,$2a$04$GuW76M4UVONg0EXTjlLbd.00wRtKyvz6ub.gV2epAByJ68kIffBia
496,fbruckshawdr,aguilfoyledr@weibo.com,$2a$04$Aaulsm42OO.rgFHPhPTQteGO6l8RV1ejBs4mM.56pmYtN9wy39jE6
497,atutsellds,mjedraszekds@mediafire.com,$2a$04$Tmm33rq4YzAqYHLAUP/yFuLV4iwThpA01GYyaiN7P9UdATZn8jVZi
498,cunsteaddt,bclawsondt@go.com,$2a$04$A13tm3sW6Q1sTxgEtiis9OkRe1dgA6l6BVzTTMkRMQn7KF3/jVbwm
499,kallikerdu,eaddeydu@devhub.com,$2a$04$vSIcU5YxzdZkv1l32g6EpejlqFk3UGJh/rmV2/tZtOsmMuc3fH4EG
500,evasilyevskidv,amarvendv@prweb.com,$2a$04$47TeLC2DZzZe/c1lGsDdFOPcTq3aIaHc/DbKZ3/XiB.pyd2EN0Ohe
501,pblankenshipdw,cbarwickdw@wikispaces.com,$2a$04$pkUPIJOpb3AcZqnPXQGkIOcZziUGBVZhhZ11qfpFRWaLpOUbXigcy
502,edearlovedx,ffadelldx@xinhuanet.com,$2a$04$NpOw6LSeRLCdbcG4ez/YYute1.wHsG293ROixTw7JCLKY./NWnDN2
503,cerbaindy,estrotonedy@xinhuanet.com,$2a$04$Rp9luk6.ersmaNobzgm13OmydSP/KdqHa8eys0S8uLzpd4PSqksMK
504,hrosetdz,pcicchellidz@360.cn,$2a$04$7RDy.JsMtW6G0vAQi3RyS.713PmlvRxhFhV3R5OArWn0F2MJAjVpW
505,msprullse0,lkeysee0@techcrunch.com,$2a$04$kiBF2cynnVJmMcI/eLyufu5Ies8rc.rjvcfe.fwFCG1.ISPQ7jMK.
506,pgyppse1,dredane1@macromedia.com,$2a$04$3rtYfycyVwgn/eC44OusX.D6qW0EiGFcBH4DqiSPxoJom45p9uflK
507,yblackebye2,kvizore2@google.co.jp,$2a$04$C/rOiMPF.E4gBydnRAaMBObLCVjJP7EWp2gEpKVNSubKptpWsrumi
508,pluname3,eraddenburye3@jigsy.com,$2a$04$VANIHNMwZhq2iXN6vCyOuecayql6gnU6OejMo4Z44A.aJsSTDDYlG
509,adeblasiise4,abottlestonee4@psu.edu,$2a$04$rkakbjjYm.PaWIcPcbUFgegGo2liDkQ5XeL6YW5Q/xWIuy7ghugwK
510,sriggolle5,tgotlinge5@discovery.com,$2a$04$t1NdB5QxVVF/h5quDNM2Y.uAijLPPahQL3Mlc5HW7jkdmysNTtbRm
511,zbakeupe6,jflamanke6@weebly.com,$2a$04$SIe2ypsshJJe5B.HWCvNUuyptyS.5Ts/AkhVNpEXNwkrHAUj01JTO
512,psargisone7,scheyennee7@cafepress.com,$2a$04$IwQwJOlMrcBeCdP4B1/C.uHMb.FJfQJMGWeuR7s52CwqIDafrRcLa
513,hletchmoree8,pmundiee8@mysql.com,$2a$04$tgo0ivSChHEzNPTw5ZlCgeVCawpgMMFim563IX4.S.rYvTQCJVRum
514,rspittale9,kdesimonie9@usnews.com,$2a$04$MAL.HrWp5Bf4.vV5pMhH0etId.1KgBnBA9Ow2EYsk0mB8iTixr7Ja
515,emanuelliea,bpitneyea@mlb.com,$2a$04$9r3GLvt.zaXcX7H9HtPWguKs9KTwZoOXxVZ4J3OasIO9J4/jXRwwC
516,fbarriballeb,bboadbyeb@geocities.com,$2a$04$Kn3y/yJk7.GIUGx7FeicL.AxYw/bUvYaeCiowd/omz4QKLuoEIfx6
517,rnesfieldec,ipedrozziec@telegraph.co.uk,$2a$04$YYzkZkVxvekLie8JgBvUFu.LS8JhF4UUjbTRDrfKcrI0f.xuRXBA2
518,cmcknielyed,smanclarked@sogou.com,$2a$04$HiDW6wotYVjQ2CKkqEXm3.9vN9pDiR3.RbTtmMbJ6iK5b6E/1Wkvm
519,pjarredee,dwhittockee@google.cn,$2a$04$tMjmPODCZ4lPxWlOGrctdO15NHwQ9tQsY4I91CEKts8/GjNbUY2Q.
520,lkilbourneef,lsangsteref@ucoz.ru,$2a$04$mIfTU/7BopG3.56VW8SqkOLENxQCEHGWCFtlctQxOFx7E3HtCOILG
521,adurradeg,mdeakaneg@go.com,$2a$04$0AUY5k6rfsIw1brmQkMAb.XVkGRFj5S7ysq6BWdrVX69IHnlYTey6
522,dlattineh,dstuehmeyereh@rediff.com,$2a$04$n6igV4R4pZZxfYkTUGWuhueG.SluekCHJOTveA.pJ4zQeCyVe8Dp2
523,moscolleeei,omullissei@dailymotion.com,$2a$04$uwo3b5LxJIK/bCTEHU.yI.4LaTOMmXimuXffopFcptPjAjmr9rOGe
524,lmosleyej,lreffeej@ustream.tv,$2a$04$G1FLILi9CQmlfJDep9Oc.uKsZ0bVZI80gPK31DNiEfdVPZnltNX3G
525,smacauleyek,rcejkaek@comcast.net,$2a$04$bw9tl0LXo2j3hNZhQgqLcehGVSTcjLqQp1lW4/qi6HYzLgA7S2CXK
526,dpolamontayneel,ecobbinel@hud.gov,$2a$04$NKiortW2Su37p5EpTNrHGuqcvOA0UDBe3ijH4j4ZpjjmitM5N/ac6
527,gmccarthyem,kmcinnernyem@soundcloud.com,$2a$04$ny2YEqIVnLJB0ENMxpKba.orAVMDZs0sh4mqsVEMRDPzqIeW7fujW
528,dmortlocken,kyarren@gizmodo.com,$2a$04$Q/U4q7f7qEhA6YDuWeW4cuvXLjZtNSTdQ7hmlUBQNrqR0eevnP63C
529,cmcfauleo,krandalstoneo@godaddy.com,$2a$04$.nuEtDVfZcEmZHnO3cda0eBFv.gWzor61OBDLZAygHIlLJS0sf3Re
530,wilewiczep,nbernardoniep@reuters.com,$2a$04$VorA0i5z4/iaasrKxOPwreWvPge80kaxxW9x6Z1Vz0ceaIYiwSjwS
531,ktabbitteq,atremeereq@tiny.cc,$2a$04$HaW1dRZJsSl.UIAeGOczFOtSBPEGVvKch8OvcY1Ko4R/duHLZewau
532,jbailieer,cmacpikeer@who.int,$2a$04$pW.i/ZJFZg3eCAlSaIy7wOsjteyrVwPmtD69C1L.XAg7KUjiwTbHG
533,mbosdenes,datwelles@usa.gov,$2a$04$LqTjX2LUu9WY.F3ACM.2OusTCxwJDk8d7xHwccdUjewxcaLpIn/yu
534,tkimptonet,rgoodnowet@youku.com,$2a$04$4M/1VhLFbiR1Fw46YYEwqe5RJVHM7SGmdC7RL/Sg60/0HeaCQZP32
535,jlockeryeu,ereiskeu@liveinternet.ru,$2a$04$02YLbYeZj6b06sB2Iv2FMOov0R.w3JnHnRwm38Ik0fotB5NQAiShq
536,shousbyev,rbloisev@samsung.com,$2a$04$7AId64DglFOj6ro.GzhZyeehlVvGLy9Jur5d6aCe59fnAkpfQfI7y
537,smebsew,docrevyew@blogtalkradio.com,$2a$04$o8Ixs5G9ddTfzMtjjoAr0.LIUlImeYoTRkYH090Ad8uSXk7eD8VQi
538,bthistletonex,gdambrogioex@reverbnation.com,$2a$04$UDTnjN5GFNexPiPsZtW1ae5LVeKOcfYnCQQHpLWagrrkVB4fbtQ5y
539,alongey,ashadrackey@bbc.co.uk,$2a$04$KesXJPZrB6/eJHBxB/mr/.7x2Nzm67h/0n1aS9..cjqiDZs9YMfwW
540,haddingtonez,enerhenyez@simplemachines.org,$2a$04$tiEqzb8ubKVHyy5Ht.Ab8esTd7d//DrCvMTLTzcjLhfViyVBabJIW
541,fruskf0,hgoodenf0@admin.ch,$2a$04$xmrbAJCgZQbBD5h6Edp5B.0uHvRwFpILkWJyAVnB79j5dEzt5dc5y
542,jstanmoref1,lbamblettf1@friendfeed.com,$2a$04$65PKHpf6b55MSkFxvy7XKe73rF2Xun.VgobFlci9ULUJAMnP9NgFG
543,claversf2,abrockief2@addthis.com,$2a$04$k3vkcIEcRO7.i4GYJ569huqWvkQRipLvL/sLMMPIcKZU.P35e1gcq
544,bpodsf3,gglendinningf3@youku.com,$2a$04$HNlVl4F0GqVqnVBnx6OjBuawDAD/VLsxUAFpVPxFESda/XP4aWx0S
545,kwrackf4,rdalbeyf4@privacy.gov.au,$2a$04$Q7D66J./OrwN52uxAlc0Se/pASmp3bUc4dNdLU1karKtYp13J6ED6
546,amenauteauf5,rcamellif5@opera.com,$2a$04$QDL278WVley2vXl4DDqyxe6AnKIVoC0ewdm3vPDhZ.3JPfVSRTj7q
547,nchessellf6,ddegouyf6@cnn.com,$2a$04$REDUbIdzP1QNsG5sciOHl.Kj.i8TU/iS4g2eGm7DGfATyl/MBWJU.
548,relwinf7,btoffalonif7@surveymonkey.com,$2a$04$XuYNCo9b0yxDLmXhzGnz2egG0YNep.a0Des99AB8civpEAR8MWIlC
549,dwordenf8,brickerseyf8@dagondesign.com,$2a$04$KiH1Ns0KthxXAju0eP4Y3.d0JTpkgbXj.FijXgSsm/xdf3T1JRKB.
550,cpistolf9,vdominikf9@goo.ne.jp,$2a$04$pCCppx1F324Gsg6Z6z5eMOLdwDcs.Umr9nl6jy.EPcMtCb4IkGCne
551,tcrannisfa,jharmarfa@soup.io,$2a$04$ovU.fOBrphQxFDtd9ncix./Fxxnn8bu1yKOZr2kGjQ0Y4d8cGHWZy
552,jdimockfb,pbrandonfb@wiley.com,$2a$04$NL.ZOODZgGl.53SaJUaRYO7j4klyHaQXDVYZxR8BgSO6g4XNtytZO
553,msansumfc,lbramfc@nasa.gov,$2a$04$6dLTGRa/3Mh111EanjJLVO3m3UnzImXKl8zKA0D3wuN7jYFPE5LbK
554,amaturafd,achamberlaynefd@soup.io,$2a$04$McVH1fn23s1mdT3xAl.vBOY1Q8Tww9J9fpaMtMaoY4JoiObcesVNi
555,akeenlysidefe,ogendersfe@1und1.de,$2a$04$aJb2UQLRU.D8Ii9tWg.vnus3LIV9K//rPjlL0j/zKylvkjFg454qK
556,kcasaroliff,tcurranff@mashable.com,$2a$04$tc2jGP9Yk5FzwBbUDZ9DDu2HCJe8QwMbYnweBLfKvhkiFc3GH5JBu
557,ggovinifg,deckersallfg@adobe.com,$2a$04$A8CRFXoRMAwaNpS7Yi4VwecmjkR0RvJ0R/iQzn7hjZuIumXopx5eC
558,mjonkfh,tkoptafh@aol.com,$2a$04$XIcKMjB1E.FVQrxDKbaN8OilwG6cmedE3oRSjIt.vu/vEDJ783Pli
559,ppoyntzfi,thawardfi@ehow.com,$2a$04$XLor61M1VoekbQSBmGgWV.SzGd6ABY2HFbwOzXu7dJIkaaLzP7kXW
560,sbrockettfj,rcolqueranfj@mayoclinic.com,$2a$04$I1Iyu/wSndDrY1ZVpxpLBeeGKSj50VNo/9EDtLE3FdxJSUq/JU70K
561,dbyramfk,cdunanfk@163.com,$2a$04$UcCH./jKi0Lq54SLNL.z7OwGu4gGGUvh9Fso6xoPkZYaL6PVkyNK.
562,krowlyfl,jkindefl@multiply.com,$2a$04$/md/HoMVRzXrGLGNJAC.lOlyXkYMra3bGgMClhzr2zOErRTca.yAy
563,dblackallfm,kkendrewfm@apple.com,$2a$04$J6yFS0N66pZ.4lbEswZ36.9PvscAUFVsN9z/59Fnqt/AVfWV29No.
564,mstaresfn,pkralefn@xinhuanet.com,$2a$04$r9hG2kNrjhyUtLunnbZctuHkRki7RE88Eym33o7JAdjZqMgmBaszK
565,mpeefo,mpinckfo@de.vu,$2a$04$7EbzQDdMcSldmLK6L9soB.1Yx1dH4UTem51LVfoeA5qOHwJ6.A1DW
566,ibeadlesfp,vthemlfp@upenn.edu,$2a$04$qJQMjHDYWA1RH0Qzlb3GROW5ZryK3PTaPq7qo484hU1BABPZsi/im
567,gcarsbergfq,pjellicofq@addtoany.com,$2a$04$uG4/KzDe26Yv2jE1qt/2O.M.BGqYu5mYAqIIt/E8/NG5eoy7POsh2
568,bpevsnerfr,dkynettfr@bigcartel.com,$2a$04$oYcbtS8qP1G6Ekwl9Ab3KeHhum1vMDdjPw2Z8xRGKrlzO0neRdPcO
569,bmarshfieldfs,kbaudinofs@sakura.ne.jp,$2a$04$IvnqtLelzTKmrScoWOaABuMy4tvgbSMHcJnVF81.lJEfF6oGwULmm
570,blehuquetft,tsinnattft@cdc.gov,$2a$04$JghIjSaTgGMVSkPqkTnIieoK.qJvTaosCbI/PfU597e/.ENOkp956
571,jrowstonfu,hgasnellfu@ft.com,$2a$04$uTrFbBFDuikAHzb0OnKrfeF6EdOk6uskCKTAtOAZS1GNtaJVyIHJW
572,mkelsellfv,lkippinsfv@cmu.edu,$2a$04$xoGQ//ZEbXIsC0JwQ9lUAujavynMt5n3cGIAldIMGb7BLcDq0U.X2
573,ochetterfw,lmuscottfw@usda.gov,$2a$04$T1vfy6I1Gm1tJmlScaln2us65ADj.LU6cjbHmVNnRsRcgXRMEjYIm
574,sspackmanfx,cdarwoodfx@live.com,$2a$04$JipGlEVFdzNMlyVfipsqIu24Nne1U2U1UTQuVY5GFxhbqhDyScoD6
575,afernandesfy,afrankcomfy@typepad.com,$2a$04$KRud4pifL8neIyZDnVE44..QM01FKx1JR/MrbVNfeh2alAylw0MqO
576,erousbyfz,mpeacherfz@blogspot.com,$2a$04$5H.gUkFY2tFSkWpcDhqzyOOBfEBQK4SWkuc2Nug3Hi8yLWNq26xjW
577,lrandallg0,atewniong0@bravesites.com,$2a$04$evj6x9QiBmvQC/4MEI7bHeH1jyRZI0mNSTdPbTErS/0QRAVY/TcMm
578,rtingeyg1,qmilleryg1@sun.com,$2a$04$1xw8JzhH.8zqDU2UYGJZvOupBBIKvWEpDIYOAY2Ry/G7K5yTCMJ9e
579,nvaggsg2,rkilaleag2@dyndns.org,$2a$04$Nyrqnd/2AQqDwZe9OfBb8.lx.7X6e0B3PzN9/F6r425bdgAhy2WFu
580,wecobg3,adumbrillg3@nih.gov,$2a$04$3pyiICDKQz.Spmflq4ekkuZxABDIuj71cPGON5hOJJwA.EZAoHA5K
581,slodfordg4,ethowg4@yolasite.com,$2a$04$NJwznKHMjCRsrGpHL8Nmo.vJDoDYecbg4Z9iKFTKpb2rLa60bCOHe
582,nangraveg5,estalleyg5@bizjournals.com,$2a$04$SRgbor7rpHdhQCO7NwsETe.8kzsYLeMKmJbmW7q.hcI9l4zfg3hYK
583,mstuddersg6,mpeppardg6@discuz.net,$2a$04$BeREXoeB5ySs7oXmlBQr2OL4kiI4YtiMGHUomIyiAatXAGFmV4KL6
584,zstichelg7,cmaplesdeng7@spotify.com,$2a$04$vOisxVzhxBfu/4mvM4HpqOnhiZ9r3OSZUI/g21sOuakauCxZJ0ZJ2
585,shansillg8,jklugerg8@mozilla.org,$2a$04$OwwEDxc6t5A.Y0FB3tK6.ekPS2nu2aWnBNo0oqE5oHfbtpfryNROG
586,emaymang9,vspenceleyg9@spotify.com,$2a$04$pHCR4qdv/GSyGPGNHCyLvess2bYdl9G90rFtkJlpllUMZ9EPcEKGi
587,clewsyga,jsessionsga@rediff.com,$2a$04$bs0HDSapdOeupLPJoChXEOEOlUJriiljs4aDbfe9eUicHRBBnD47K
588,imortgb,gknolesgb@slashdot.org,$2a$04$egkSY8E1KfmXATbyGKzLG.VN0IpqeFRk5A99C/F6MhYPpePwV/WbC
589,szanninigc,vgoninggc@gmpg.org,$2a$04$ddnidCukfw87PhDwOeQ77.c3KptEkhZfggNgawkzjkRbIPyVQk9k6
590,llerhinangd,rlardnergd@cbsnews.com,$2a$04$D3VcZmkEu4.UcHw4mWR9vu./m29ATHDBhqGGjlF1oDhxti6oKZm6C
591,calyoshinge,mvarvellge@github.com,$2a$04$y0TacmorXybb05USvw91LucW0ciaWviSe9VKHFL9bNh8GxqBnYjk2
592,aallebonegf,owhittekgf@yelp.com,$2a$04$lhxWgMFzF7KpnoqOUc26ZuuUVOLlirk.j3xDibq/xXrt6oTusSzj2
593,fperfordgg,mstranaghangg@networkadvertising.org,$2a$04$x4Mo2S1wera1EOb43./kpurNzvRj8kD3mPjVTi05lrQgTxVh5kx.C
594,ainglefieldgh,alambshinegh@dagondesign.com,$2a$04$PfE7lTvDoPYR09ykZ5QLI.akbNK8ooesghm3NGO8A4QVleisxc3Ty
595,boaklandgi,bcleynegi@miibeian.gov.cn,$2a$04$/ZMU3SpkRjPHA4ISVB4lS.iDkyte8fVCh0jaha7CvTG6WDdhkhkne
596,sabrahartgj,cthurnergj@psu.edu,$2a$04$BipMRdxoSIa42yq4HPpmveY.lJut9vXxAV5wcwnygWaR7PesP9Z3G
597,oreedygk,lborgarsgk@baidu.com,$2a$04$YEISBRLijDF3GGIhR1FvMeTvZ9U8MhaW.fSYeqqwkSkV/hlw6Kfh2
598,thabbengl,vmackenneygl@virginia.edu,$2a$04$4gjzOm9KQJ2nf4fln/PuxOWA.rCGmGe4u2hrV7vq7OdihcE3dCGlC
599,aprescotgm,gvondruskagm@utexas.edu,$2a$04$PG2O1TNCyMaQdpr3nfNbJOFJ/C7ZaNSsW65JjMuDitZe4w9HUQLpq
600,dgrimsdellgn,lcullygn@hubpages.com,$2a$04$O672dkkwTvCDzKSXUL9Jj.kLsqT0HJG1tHf7DxBHlCaYFl3FKgm4W
601,vduffetgo,acranngo@photobucket.com,$2a$04$BOJprGYp9eqcOZY086JZ8O.GzXImwCbVCYkYNoRYxyXF4ubSvdSE.
602,mnewlandgp,githellgp@tripod.com,$2a$04$963oDRqSLNj7TuT5AljApePuskRwZb9vIrklZH0Ie6FgGUuLVMacC
603,gmcgurgangq,arizzellogq@mit.edu,$2a$04$8HMJDWosqfHfQ9xgqzrZ.eyHfi73bJ1T5LUHcihKOIp8JsPmFQbp2
604,rfrippgr,ccraighillgr@oakley.com,$2a$04$TmVxYMuoRUNjKjBtGPGHKu5yG26tGmByR5WWq7XTVn2tw7xOhngqq
605,ddwyrgs,dseneschalgs@unicef.org,$2a$04$0LWSX95j2lEht.wNiyfyReozbGJ66LEdxL42mWGa0O6NBrG4NSmru
606,ralcaldegt,amakivergt@furl.net,$2a$04$DeLbpUl7zEVdBLyaWN5tF./N1VtMGvLzFcGnLjvzTAhCdnDgpk4b2
607,gbrockherstgu,kalywingu@geocities.com,$2a$04$/lBjw6WDhHnK5z1IDvMxKu5vl3YqhZXolTLPTueleqJj9wCkyk2nC
608,aballentimegv,dterzigv@yelp.com,$2a$04$Do2J8ovjjAXaVujkppNcr.oSLDFrdv4v2lmyCMTv73ykuJ20nXfvm
609,lbilberygw,lschulkinsgw@typepad.com,$2a$04$o5txT/XQEciUFLY8MC/tvuLZXCIB9E93sj2C0.7w4drQIisikawkG
610,ucurnokkgx,fsavilegx@google.fr,$2a$04$oEUouLl2XauaSxMywdzlouSxm2jvnGWuVSQvBgr75oLAmpZt0zEWG
611,rcowpergy,cbottomoregy@scribd.com,$2a$04$DoHO/rd.jiOaO7kQcaSsJeTq385Qfp.h4SF9apzSYroQKYLvsPyOq
612,jmidgleygz,erazzellgz@discuz.net,$2a$04$doQM7oWt5o.axGNWPnrkSOd1FMI55Usvgd/DDEQNf802TqnCojs0y
613,ntsarh0,ejanceyh0@newyorker.com,$2a$04$Pi4dQ6.5QPDCTnSzAJobMusF7eDk2tflH4CiMeHRJXGyg/G01NLwW
614,nalowayh1,gmandryh1@clickbank.net,$2a$04$3utqJQqor48xCV7fwKd2jO0XPJfNO6JeU4DvBPewC90iYIy2oYVJG
615,hcooleyh2,mdeclerqh2@list-manage.com,$2a$04$7Czjc0H9yjg3kT9C7J.uWuhxwLgeGSR4FWZTuUK15yDk1qU8m6j.W
616,lschulkinsh3,aellsh3@edublogs.org,$2a$04$s8Qs8z1JFGJnnFx/05hv7e.8wNSnyNi/Cn5c4YzHyIkyWu.Lhdt32
617,jlawrenzh4,kmathivonh4@shareasale.com,$2a$04$g8jDbhbz4hCESg4qcnvkTO0S5./X38gZ5kb8DVEmExJa02IiVtEG2
618,clightbourneh5,dtarzeyh5@blogger.com,$2a$04$s9R5JkhTn.HDOi53I4d6yu97QwOnaaxHK6ENH646ylHr53VqIkUDi
619,chuffah6,atregearh6@sfgate.com,$2a$04$GSLkYplRZtXuEel1oDnL5Ok0VuNPz7bV1YSvf2eJtpCRjDyN6u7Ue
620,bmethh7,shurrenh7@marketwatch.com,$2a$04$d2tImmbZ5x.xJ64QlPssKe07HJacVyDn.XNnNdfqcfhn/sDtX2/mq
621,bforringtonh8,aealdenh8@naver.com,$2a$04$x3ss0YlZqYMErQk3D65OGOPONpkskVUxrlrytj4LGJd09KR81NVy6
622,kenderleinh9,cshephardh9@cornell.edu,$2a$04$B.ahQ1GjElVQB1hFkXrbKu9ZcI.a4hv9rLygWEOPxJbauEQ7NYREu
623,bmaxwaleha,sdmychha@harvard.edu,$2a$04$otxID2YezxwZrlfVq8iHT.L9O9qMbwkI.2d7PGzrM.yBF7fsaOavW
624,rkrahlhb,blelliotthb@blogger.com,$2a$04$7zEhMe58uOzLkpNg4Yh5..vzuOB3MHNp9Awdt8G4hbtO5qkeMQeKu
625,bfontellhc,dferraronhc@examiner.com,$2a$04$hOGZ4jfMM0kgsv5rqMZn4Oxkeu8vtyMjPvvoFRQ.MXwuspgHhknhu
626,ddieneshd,wjeannardhd@washington.edu,$2a$04$ZLNycPcA42ShbzrylsU/eeB8oi9JAPSE.cclJTepJ6HGk9PphVGPO
627,cstringerhe,lhoodspethhe@eventbrite.com,$2a$04$T7Erp2WYAXHzxrbE9TNtr.p4jLrsk/wroHbfIrUNV96gPUfjczPBW
628,ccucksonhf,kdhoogehf@hugedomains.com,$2a$04$f.ZJVt.woEgmT8byGg2Q2OyppefpAbbjuZ1l.IYTgO4o5lvcjWy6C
629,atearneyhg,dgiovanittihg@feedburner.com,$2a$04$mULtHVV39eQyOr7WJePJv.Bgj/3LTHV7T2o/Y1PPw9YbLaNiXbavu
630,eeckarthh,iconnalhh@ameblo.jp,$2a$04$oAuT2Sz8v26rPqvJ.LN8v.qjTJZpDsgMnVMViSPV.oFOvZt41RIW.
631,lchattohi,cchicottihi@rediff.com,$2a$04$Q/vGuJkIf.uyybMa5jeKOuvbk0keUWYdsPO9bTh9Q6Q9dlMMpDwpq
632,bdabelhj,aclixbyhj@histats.com,$2a$04$pNQ2r9E2QXFEg0wfz7jHnuhQ5Ja21nBUg0GMvudE.ggYg1yQhTHje
633,qdungatehk,hhakkinghk@tripadvisor.com,$2a$04$.Yz7x1Y7DIklnmfCVFA4ruRQ4Hmv2hxdSYvK5SdGRl9eo4SPYdS/e
634,stramelhl,akeatleyhl@ameblo.jp,$2a$04$.IJaB2skhKhmZWaWzUIZ3eqAu8qZVKdDqM7Ch9GH8TcbZuVnw.VYm
635,mcarniehm,rkolodziejhm@gov.uk,$2a$04$AvqlG393yKBS9YzcVQ33/.MPWkU2k.sc3VucDeCRAI.JGZ.8tJm5y
636,rclarricoateshn,dmatterfacehn@sohu.com,$2a$04$clht607OwrKzhmh8rHaN4erMmZubzHTq8ciJS2DBA2uq4sGE7KaKC
637,fduckerho,ejolleyho@google.fr,$2a$04$8Kl5C3sOy2YcoaHqbAMKCO40j8fYbbLmoBEu0YrF85kFk15zyN.3G
638,cdickerlinehp,ubarsonhp@smh.com.au,$2a$04$wllBuqBo6PxjAINYkvmpBuYSMA0SljVkHXZ7XLbgx0Umb8ttfaPIW
639,lholdforthhq,dportamhq@pinterest.com,$2a$04$KGOogTl4vNK/sA53kO4tIO6ViviIJ83gr2ftxltkl8ZxQ.FZnnSGq
640,lchingedehalshr,lpestellhr@redcross.org,$2a$04$kHDM.tjOBQxrirRU5aw8Ve7nAmWPW00oY6196mFd.tvNzBBmJHPzW
641,ocantopherhs,swillshs@techcrunch.com,$2a$04$8gAJ0M7g4rckOlWygZSBxu6Y4naXYPygs7TcKaFzdyK6oxy84J7h6
642,rmarwoodht,vgribbinsht@newyorker.com,$2a$04$QbVbX3moEONs03eMQmAOHORi/F1om5QSChY9FjDv16.BYyi6YuPTq
643,llotthu,wcamamilehu@ustream.tv,$2a$04$Sc0FQcxNOiJOto1qqW9JRu/Fh4dTlDWNBc/5Z5VtIEU7cHQSlQLPK
644,gdanielyhv,blanpherehv@de.vu,$2a$04$T1PZluqC3bfhWSvpElSDq.yFOR75MHWeDnLYZq4KdB8HbGzGWgnv6
645,gemerinehw,jhalliwellhw@google.it,$2a$04$gL34.ZZE5u9RHjnG4BqTNu5DLEzODd7yS1At7jN/kHbQkx03.GVnS
646,oisabellhx,tprinnhx@fastcompany.com,$2a$04$cTXYJ8S5x8iz4hsAl/1TlOf7seQxP8Vd6kRQniYTwjW86en6Ep3BS
647,aditchetthy,ccornickhy@ifeng.com,$2a$04$HU13SFwVCGxjVLifOLsaqe.ce.WbIcyujKsi7CsGp3beBmPxnUEo2
648,clindsleyhz,gosbidstonhz@alexa.com,$2a$04$odTBbLmmnlAypWoj0rwIKetyO38/UsMrqkeCRRSZTt20ff..a1xaW
649,cstratzi0,skynetti0@baidu.com,$2a$04$XRbC9x2niApEhiP3h69ZyufWiR10y2AwxD8CwloguitalAQPY2f9K
650,sfrankishi1,omurricanesi1@ameblo.jp,$2a$04$gCgV5VIiQKb1lvHJijOuJewGSn2/lscjTKWhXJCK9.aiiXeJtm7Mi
651,dreynoldi2,khowerdi2@sina.com.cn,$2a$04$ddDnkpK.W8TxssfJXnIsNuiKuaILkOFvVIqhN8cNVVOiaZnRdfOn6
652,tgrubeyi3,kayrtoni3@google.com,$2a$04$.5nfFpDATgoBbRpQ/m5LV.puL9XLrqzhT/PR68rXcaaiCWMavwwKu
653,jrodrigi4,tgolbyi4@issuu.com,$2a$04$hn8ZEftXtdL8/skQwYBoOuYUaM/MtTrZyowgJ2iPtR0s67ojai6A6
654,bsinki5,fmcneai5@prnewswire.com,$2a$04$9dzuA5Jew4SFi7eKvrTnpOzA2xhcSBrNna3MBMRYf.HQXBj331uzS
655,strynori6,bwaycoti6@topsy.com,$2a$04$mUXXplq5ZyH3026emARdCO5vU3NAbMC40qoWVFoVUs/m70.PfJ5LW
656,ehiskeyi7,borrocksi7@mail.ru,$2a$04$bP.dKD1nUsJTy2mIrH42kuqDJp8DPaIcLRCwYNjKrR38cFWS9V/aK
657,acauleyi8,vdobrowolnyi8@yelp.com,$2a$04$LcRv4zof5vJDOuHnPzz1EOhgW/Y.OxSdfxUZGCKMUwZ.K4B59AVH2
658,swegeneni9,bwhopplesi9@desdev.cn,$2a$04$e/n60LOLSAh5PmfPhGtlQeYyQCCDAcUbcvA4woRwEss4dAQIPjWGi
659,dbelvinia,edanielczykia@barnesandnoble.com,$2a$04$7.STHRt0750StZyzn.6vquXbvQ/iBhU3k2kFa0T0rrYOOama9o6ca
660,tmcreynoldsib,rmcfetrichib@blogger.com,$2a$04$4mlzCsPTabnUnlA86prN8uteqiGTyXGMCfBJINb1Tdr/XbD3gSnkC
661,vamesburyic,dferroliic@livejournal.com,$2a$04$bj92xO9AAeLb0sjyDV7haukFHLj8fv8xaT0L0PWLJttW6LHKH.Kwi
662,omindenhallid,umoyeid@japanpost.jp,$2a$04$IOAee/bQVwHVpLnIGtswfuH7vBHkcTXmUxEg2rUrNVQhUeymmlTlG
663,pgunnie,tfrancesconeie@zdnet.com,$2a$04$byErSjcQ9xj0BbQU7Ox0.enaKbwQoYp/HDND2919Ax/noplitmdye
664,bburthomif,icubittif@nps.gov,$2a$04$CQ9ne6aG5MKATmydel/zDeqo7mjh/5DDsakLYvWT6O5APTB4cbZau
665,mlindenbaumig,ostuerig@noaa.gov,$2a$04$ANO7zpiHwMuRfAN2NAcqf.QjpkzVNkQqna1M93mDs/2btE7b1N9R2
666,plindellih,cludvigsenih@artisteer.com,$2a$04$tGCKjE/T74cQWDIstEBewec9KocLHy0iSV3xyUMz2Hh7mMe3DwbpC
667,ksummersideii,bmosedillii@tinyurl.com,$2a$04$uiExZ57tcTr.keA1tj0gOe5ZMq3QmO5KUg7tt4e93AIYpYyXZNgcK
668,dpavoliniij,lwillimotij@va.gov,$2a$04$di5Zu15AFfjVzN71VTyUQei2tujbU2EgAVY3hZdtv2Edwpw2uRh0e
669,lgirardyik,imartineauik@earthlink.net,$2a$04$beFJEsL8x92UlfBljzro2.r9VM/7Fd3jKql.vuPWgJExDsytGrd9W
670,belleyneil,bmessenbirdil@whitehouse.gov,$2a$04$jd7z7K6gL64nIRKWzC4F1.1nBnHGewKOYkY1//oA0tjZcDHHwwTDS
671,cclimpsonim,bwrothim@hexun.com,$2a$04$pA59w/mL3Vx15fs11VSYE.oyySxDn3e1gAMf6jFYi8w0e.S0oTDxC
672,tdroghanin,kjoannicin@deviantart.com,$2a$04$rZ8OfTipynSu5mcyCivqR.OoAopA0gCtqJH4mLezOjlSch5D9bKEC
673,amarreio,wsimnerio@google.com.au,$2a$04$emCpz0E83lXkKXWX2Vy4mO42Zmkz70PvHsf.woBfd1NJ7QxP6/dx.
674,iwinterip,cparmeterip@scribd.com,$2a$04$5z7cY2TXkKIvYkpp2Qqnxu6OKw3N.QIs9FqFPRlPg.PEFzR5VEZnO
675,mgriffithsiq,kganningiq@cornell.edu,$2a$04$rddzIQKGPp6dckYI2K3hJ.0GuKbAGIJeqdY6BpudQpnX4gLev3P/e
676,atheseirair,cmasseyir@mail.ru,$2a$04$pt9bWb6.d8nvxsvmUpLOG.Jnsv2mMXpRiZR.RBYGqWUTw/2SpV.kO
677,tdeverellis,bnorthgravesis@ezinearticles.com,$2a$04$PkS/8yeZUrXzXW5dfismuOnFV.yzag0hpREHCCGxsPInOIZatsdpq
678,kflacknoeit,skembryit@de.vu,$2a$04$qJNfxFWF31YDNvYhUDqtcOr38awos0OPR6OgJpLQLUpZpOHJpKVuG
679,cecclestoniu,gtoomeyiu@creativecommons.org,$2a$04$hO/lQYyv6GflKCUW.6Gduu2Gf.hOSbMBbMlcugVLOVDi9eJpjsMnm
680,bweondiv,mguillermaniv@gizmodo.com,$2a$04$AZd8V/9P8sMAjB0Mw/V0A.YYektImGZ/Hz/wdxq.dIkHNYumSflaO
681,istirmaniw,emallingiw@telegraph.co.uk,$2a$04$TO2ulEo4Md8eOyifLmKOneTqifYnstgkz7n3Yb52nk5MKcTFDmwQ.
682,jmarcinkusix,aonionsix@ft.com,$2a$04$m2nb30mveWd.zDKApw0cPefonEFqw9IgZrnjY0CVFzTPdQWT6cL5K
683,zkidstouniy,estreatfieldiy@zdnet.com,$2a$04$bbZvyrOgnJdhWbVtzAQEremDW7LctGaOJD96IT1LGQ2/kkyPQp7Oa
684,mhaenseliz,citzcakiz@ebay.com,$2a$04$.TdttRj4dfxgToIly0gJ5OPAOPgJxPq/7FwXkHFKL/WVCQrl7fUzy
685,acanadasj0,gteenanj0@disqus.com,$2a$04$6LRhfF/7EZRmN/3uXSXP1uOmqt/IId5VfIBODOo4HpJC93PiEfaeu
686,mcathersidesj1,npresideyj1@ning.com,$2a$04$JMRLqjw5i0MEQmnrSKise.VxRRIMla14PqGa8gaS9Z46Rnoo3uQ.O
687,aamburgyj2,aboomej2@vkontakte.ru,$2a$04$bRzFe3hixcZA7215Tv1p/eyMKIHCr7RLyeaD2XEcUA9eJJtxCBtlu
688,dlafayj3,yhoofej3@japanpost.jp,$2a$04$FJ7C2HRoDq0cC0r5iFs//e2Dbr9KBjBO6JR.5WrjMLWYhBvzadG2O
689,mwallsj4,kvequaudj4@prweb.com,$2a$04$W0M6lq7LXF0Bnp32kARpp.5xuA4vbPYEvMGyQdIGwmxOQ8mlylHWK
690,smcgraithj5,crabierj5@nature.com,$2a$04$TzTFDT/iQMfe0M7IW/K88OSMK2FktrVNGOytew5nGtSnSzRrlijNi
691,pstrangwoodj6,frawlingsonj6@statcounter.com,$2a$04$i1eglW0d72S5nOjUk.FFIOhFE3iY5vz.ZH6M6IsHzYwhvOb5Di5k.
692,msivyerj7,previej7@statcounter.com,$2a$04$vET5f1pG7kOgS351FzwOJu.3MD4BuwzmzhDKwCjBgUwftreTKRljO
693,abollamj8,kdocketj8@nymag.com,$2a$04$4I3GpnQ6B4kdiTkvQpZRJOBnbeOwxHzFwIXVuyUQ1DmSe758FvM46
694,cbladonj9,lmckitterickj9@scribd.com,$2a$04$eLnXdourIsTZLoNI9q/92.MfOfVj58Vkt22Ln7naZp5gJkfAa9ZYq
695,ahollidgeja,mwittmanja@nsw.gov.au,$2a$04$pRsjDiM4FYPzYNLCIG9XIuDH6GgNGnc7P5qB1cyry/gAqalW5MSa.
696,csteblesjb,hgeikiejb@php.net,$2a$04$66WsnCOKJpubKozDCAaoo.dTUgyosjulA6M.Qhgco7ml0MyTOva0W
697,fmacgillivriejc,mpentlandjc@people.com.cn,$2a$04$/soQ1xXefPAGYb.hsD7SX.j.Nkq.tU.c5HmO09VcD25PIuHs7jY/K
698,rbilslandjd,agiacomassojd@uol.com.br,$2a$04$j5b/GvealTEQKn3NcXuvwuSzUK9LmHTeCYeVcbcsniFp3WeizuTRm
699,ishevillje,mwasielewiczje@google.co.uk,$2a$04$2.SSW.x.EnHJ89aBiX/8U.aASNK9iBsq5e9v8mL/jnWYVwPRhbdUC
700,rfolbigjf,rvallentinejf@goo.gl,$2a$04$MEdTtstz42VSuhAxlcOyX.n/ukt3l08AJgDNatsDDcCaIQQpwJJNy
701,msalkildjg,hdeblasijg@t-online.de,$2a$04$lPN3MemLVVNzjFS1Y51ob.vNei8VvUNsQeKSojMtLIxFs1E7NvLXi
702,sfridayejh,mbuntingjh@geocities.jp,$2a$04$trMJCdFh8sT2SrCfX/rQOuxBs/6ihg810U5sUqxbcNJS0RAHEyTaG
703,tsuddickji,lbartoszewskiji@nba.com,$2a$04$PettOj2OXCx/512qgXkAkeMgh14b3tO26YF7j3UWyAftmqI65Kpae
704,lbrandhardyjj,ekalbererjj@gizmodo.com,$2a$04$Dp.M4zrq1wzs4MSSWOJ0dOFAuczHUO4k/.reYA5al43zOYYga1rVS
705,rmuzzalljk,inezeyjk@studiopress.com,$2a$04$8lut4bGyC67oIjGHNa2SiuCur/ovGJ1M5MpY6GPeDmSkq3hb3vbj6
706,kmccartyjl,ilazenburyjl@opera.com,$2a$04$Sy/mooxvGGrtNbtBK/hkc.P1aLyB9ERMkQQMSoFdkNB0F3JCiyl5y
707,gmuspratjm,amarchmentjm@cbsnews.com,$2a$04$5a.uO52kKg0nOBBMxOWLRO7goSI8dAc.nJjNojfxsuEdCu1e3PfNq
708,gkeelanjn,ethreadgouldjn@bizjournals.com,$2a$04$XktJd/EhkQjcrrCbWjkPiuz/yHsdlrQovOHSP4fkEnSvEaBuQRcge
709,rmarzellijo,sbastimanjo@ucoz.com,$2a$04$NWiYb2Rf19OISSlM51/PW.ucd9hLWa1DRrE3p42iDWab.lylcVeja
710,vbiaggijp,gmarkiejp@desdev.cn,$2a$04$cNosQGzMM1jtVFRr2QrHWedfq.B790cV3uUsdYJ0EHZe.521hEKXi
711,nsedgemorejq,ferreyjq@is.gd,$2a$04$hDSP8JUoAap2mZ0GYgcG9Or5AiKsVjdKzpFG.frqqnjPlv7/Euj4O
712,vcoenraetsjr,bceciljr@yahoo.co.jp,$2a$04$AImrwCwAXmuZutLoVry7BO.Z5MWRnGXo.PtsWg2ki9jk0mmUjoOMy
713,kgoulterjs,mgooderickjs@trellian.com,$2a$04$2yht56JVF6tsy/rf/6rG0O0HegQ0JxWpFEUNoz1fuIcBLtqzwX.v6
714,tchaplynjt,adobbyjt@yelp.com,$2a$04$5sVqVgmiSmQado4y7Y2jy.UM1JVP2/rOHLCK98w/xBYdT7qhon25W
715,cgoalleyju,rbruyetju@over-blog.com,$2a$04$3Euz5RzGlLw8MN1YNzrnHetSLwPKOSwYVWUi5Xas3bLTMsWqI8Yr2
716,sabazijv,cmcturkjv@auda.org.au,$2a$04$lxde96GFq4HUUghGQydWWOeCiFg/kBSisa89a6sHnlr7KDCnkCWzi
717,ncyseleyjw,lkuhnertjw@infoseek.co.jp,$2a$04$W0lQ8lsnipF3DVZ.RuBBBOwuNdHdhxrX04DD2Mna9q.5NrRU.Fd/u
718,aglenisterjx,meariejx@howstuffworks.com,$2a$04$14oT/y8nqp9TDVEs1NIl3OPLMT4MhSDw8UXpOVbQq27fOETaoXZXK
719,blarchierjy,jcosgriffjy@apple.com,$2a$04$umzOAIjLGviNkhcA/97CQOeuyASeJnKQtWvO333ugT2pk1g6Liu6K
720,htrussmanjz,lpelejz@weibo.com,$2a$04$SNAcZ5Erd8ttvB.vmtgXae0BoXlXypxZbIAgAVG6pzBiU5QYJkYIe
721,cmacmeartyk0,fscroggesk0@joomla.org,$2a$04$f8DFfZ8ES05aLjdHzG6Hf.E6tpS2Ztd8z2xL2bdP.KNbeXFf94j1O
722,nmitchelmorek1,acorzork1@harvard.edu,$2a$04$lL2L1sX.VelyP..AV6pr7.a7m714vm7iS7K4k2gG/E2FL45SyBBmW
723,gpashk2,hcolefordk2@amazon.co.jp,$2a$04$6YG4AVJoI9Hmc4imxTgR6u1s3MAMwLCW233MZINErMjyTtMH8LAp.
724,bfedoronkok3,ddortonk3@archive.org,$2a$04$T9jvAzVv7cWyAITsD6cBc.eTIenzGF/USfcpRgx/A74HAIhLOZKAa
725,darpurk4,aungerechtsk4@miitbeian.gov.cn,$2a$04$aww.R8N7N2E.K.lX69L6HewqAInImsdkuR7r7Y8W.ckpp1U521orK
726,eburgek5,nrylstonek5@sciencedirect.com,$2a$04$1VdTDoOnzL.VwGxZO5xYre3aikjTQZmoUt8mLJobROBT5RlaWvnmi
727,avondrysk6,nnaughtonk6@wired.com,$2a$04$dgxZeZfimvL3DZP.WVeYku46zSbPCM/pl9rgE0KXQgBqw3oezr6NO
728,amouattk7,cmccoveneyk7@ow.ly,$2a$04$GNb6xOfNJeW.cu9KriaWMu/ImgZ/ZIN4jmPNmPwvV3sUQ..ouJAqW
729,mgellettk8,omimmackk8@macromedia.com,$2a$04$YfaYZD7ouz52/ZDfRAVQOuzBbOfCRlSQKRT8fib4vDrZFC2dD.V.2
730,ccranek9,mdillowk9@reuters.com,$2a$04$M5Os7L9xVQYGHeISYwm63ee8QMrYmh3YeDb7EJK6BSH5/eMkfdchi
731,ekofaxka,sdelafieldka@yahoo.com,$2a$04$3khYFcdu/wIEPzYRUxr7hefWIzfWQBwoXygu6/2w5n5jC/zu/bBXe
732,gblankenshipkb,jstogillkb@clickbank.net,$2a$04$SJNIjoYovROZMTvF55l1TuN.NZCGmu5AD5lu5wJLTX4gkmIS5lQMi
733,iromanellikc,rbeminsterkc@chicagotribune.com,$2a$04$LVFibdW.6dSR03ffJ3RoHuT6X0h/oI.OoGO/ps.l2HIsqciLaOy06
734,gchrstinekd,ududnykd@earthlink.net,$2a$04$8Sp9NQ8lBgOEfmUVlG0zn.8EC/7lCXTViooF.fK5qkYxq0Liw6HUW
735,copieke,jhellsdonke@hibu.com,$2a$04$ToYRDeTwKVn3BWmdS4cwkO9N9ulfVw0lJrsB.70Xj.Q4rJXX2ycPW
736,mklichkf,peverwinkf@clickbank.net,$2a$04$9.9NA9SLI7rUHZdE9o5AoufCEl.Y/5lcjq20D/f3tQNLjao2lMqka
737,dtrettkg,droubeixkg@craigslist.org,$2a$04$hTbbqXwyCrWYui1NqhEFS.qfI1hPiTmzZIG0doxMC4kXHbu0OyEO2
738,ajolinkh,akeasleykh@nsw.gov.au,$2a$04$TxxSFuWXqK0cn4Q5HNoleuS3X/tkhhD8SYBPRqno2n0JmT4Uz3lS6
739,bsawoodki,twyerki@cnn.com,$2a$04$Gs3/N.veJyNOKf83KN4EcOXWL9qyQNRzHhSjH/2R.L2Y9diZA4dfC
740,kgiacomellokj,hhaskettkj@youtube.com,$2a$04$WKu/YLrJ45JESuiEKGdSi.Ah.zRQ70VxF77VLi0PUuwo.UFqN4OEO
741,gmeusekk,bpaikkk@mysql.com,$2a$04$LuKUC6g/Hfuxq2BBAqyDIOMJzyRcTHsLma4thdq3WE/7CK.VqWA7C
742,hhelleckaskl,lfolcakl@liveinternet.ru,$2a$04$4H6BIIeIJNf1NXYsbbKX7ejxYtO82B6W3aKUtOJF7azT0mDjkfzA6
743,gmckeownkm,ykippinskm@t.co,$2a$04$1Te/ZunVfB9pdE4eigR2OOgJic5Yr33FDuMjYT7dvWhNXiMmsawhi
744,tpiburnkn,sbottomerkn@huffingtonpost.com,$2a$04$xGEURhXyfVdjfyjO.g8l.exCjcd9mBpRNoqPF9KR9pdFfqOzF/c0O
745,rjosephko,erolleyko@omniture.com,$2a$04$uaj3W0kMfPhzCtcuxGPC8O5KL36Y3iv1GLNel5VeLx4pfK4R.SJBW
746,crizziellokp,lcoleridgekp@nba.com,$2a$04$ZHO/U4R.Msd7GwgsCU6Q4.tFmLdLGJpzV00dXNu0UqcFknFqzRUFO
747,fblackleechkq,beccottkq@discuz.net,$2a$04$XqVVoOcH/ITCF.dnFGhHtuBlKAnNBDyaa8T6CPF2Unpf5eE8jSuCi
748,hheavykr,fparslowkr@xinhuanet.com,$2a$04$l.i0QXioe.4d6JYnTDSPa.5qNqXaiPrp2W99HyZKPynCS6VvFQes2
749,rlavigneks,kmoreyks@fda.gov,$2a$04$7kdqxdlzIxqNwVW6LYO/Q./MUdUgW4xQ6j9Nw.SEYyUD/2bYSyppy
750,hklimekkt,aespadatekt@dailymail.co.uk,$2a$04$H0DsMkXZzPg8TMEnW6nmrecKGIQRn.EVq.ahID4jT7KDtUPtGAbnW
751,aevequotku,lwigginku@webnode.com,$2a$04$LFXCH2T2K/VfXpj2pjl5b.AtcklcY2s1lyy2eCNeL2a6mVcuj66q2
752,mtattertonkv,bmeliakv@themeforest.net,$2a$04$tgRMj7ms4RM48CQE0xJo6OpQXYsWP3zFrekPLUywDuwWJoQ0mffMa
753,gdeluekw,ostoakleykw@ask.com,$2a$04$6ferzaIyJps.kSql5kk.dexadmeiHsFam4QkABOd.IpxIuPc2FT9C
754,ndearthkx,bfretterkx@mlb.com,$2a$04$biPRgmMCKDbHEfH7rLQ4R.T9MEM0G3/rzCGRA5Ij3Oprx/f/zlL7y
755,kwiggansky,skealky@naver.com,$2a$04$SITkm64RCcbbqdAq68Wwpuh/lUurd8Oi06R5/fVFuaIGLpV8YfbeW
756,mmcmanamonkz,lmccurtinkz@about.com,$2a$04$3NMSALHlHZZxfwSQyq10QO7jPMcLvUIXVn2f/1O3/0PeZ8yfRDpzK
757,jgrovehaml0,lgregonl0@furl.net,$2a$04$vRNqzCG3TTc5U9LUonCveOAoIhmaR1Eg0scS6DoJHUEh1a5zhtYG6
758,fmosdilll1,upeplawl1@opensource.org,$2a$04$cM4ma1EI6KLRqGkd5whOTOqejAMbI/J6t11AtiaRSCMvMm3I9uB8e
759,kkirkbrightl2,mburdisl2@census.gov,$2a$04$dQMFGjU/3nh2jbfU8qTmBeMXJk/K9/16b8d4XNaRr0CiHOrv7qOZy
760,vdychel3,mfeverl3@bluehost.com,$2a$04$Xjn2tVEMCgF0AGGVTHMJX.qCrnSMeYFL7nG8vr/cSqVzIetSDfpPC
761,chumbiel4,gboughenl4@storify.com,$2a$04$rXdRVvdRDNy8mx.DbOn0rO7/PLzgMxh8iOOFo.K5KsD6kZkoj0WhC
762,etrenbeyl5,gwinslowl5@canalblog.com,$2a$04$pVU45q5R1cQX/xAumFlCkep.UeRXUlfSXLObvHBVQCqMU5KjRSNnO
763,jeliesl6,aleftwichl6@phpbb.com,$2a$04$.eiKjkNIOJ0gaGkfW5lJRuZX9V1wCEuiTSH5eS2.Ddf5.MQZdJyya
764,tmaccambridgel7,lchastanetl7@arizona.edu,$2a$04$I5jXIcHjJm5lYdls5l6C3eCRTEGNgdq4zHHhtsz4lBOR.jbwk.ub.
765,amayberyl8,screbbinl8@dion.ne.jp,$2a$04$WgVHtEHG0ENC6J78TY7oBemJJfrD/UwNOganAjZdqxPYz3lgW1Vlm
766,afullerl9,bmacgeaneyl9@paypal.com,$2a$04$yh4dcEvb4wpHlTspUUVn.eJf4ir0v624bFKmijFDHuCF6kGKUw25y
767,rbortolomeila,bpobjayla@twitter.com,$2a$04$kA1CGvGRJek6BsIRnD.VPeseAFpRX24nocul8FXB/uUB8ctc.tTri
768,mmoncreifflb,hdalwoodlb@pcworld.com,$2a$04$R0mXX9nzh0Bv1uEyEZmJr.LtZ0MycpkTvO2ifua3G5uVN0cvofWvW
769,acaveaulc,irubinfajnlc@wikipedia.org,$2a$04$d1WbVoT1VGJlLUMa5id4KuaiOakTvmeOI6W4fZB8zS4vZwHOIT8hC
770,tcurdld,emccarrollld@timesonline.co.uk,$2a$04$7iGhHdPcrwXkoG6jVLq3jeIeSBfhLp6yWxNOMq/GQkWcKe1r7e9BK
771,jcufleyle,ttidcomble@amazon.co.uk,$2a$04$JGybxntnTrlfEfMm4s.sc.HdPtq5FkbbOCUY8VLAZ2o1KE2JJwoBi
772,bmathevonlf,dbatallelf@tripadvisor.com,$2a$04$HxVTGsyytTkCSydx6.JU9Oc3L1Fgxl4i8ENboP/F14QOYrsYaBxyu
773,abennylg,hbauslg@earthlink.net,$2a$04$EA9vnw8lqEieayFUbg4Hm.JkHYJLdIurDExd6Ti979IGNLoQroU8W
774,pcropperlh,agoundrilllh@walmart.com,$2a$04$jtsBiYE1W8YjXS6rJN7W7O59W504AOdI5jiNqPAQree5LRJ.lAe2K
775,drobbieli,ajansenli@digg.com,$2a$04$8Pv2Q1PGnMnX0nMrcPEmAuwr9imUe/q1AAyXQttczj7jFoA6kr6Pu
776,fellesworthlj,tsimkisslj@ow.ly,$2a$04$M82jwRzIepL8vFosJm/qZub4cFg87L/r.ZB6TkZ8p6t4oQQ.qvuvG
777,rhyndmanlk,dpatrichelk@sina.com.cn,$2a$04$ru4Nbxu0t3UjQhTby8P3S.X6001OGHfK5bbI9qFIjp35GEkLP1CE2
778,wbrounckerll,bvlasovll@arstechnica.com,$2a$04$3Ws13TiAJNxLcq8EQPh4YeG6/L4m8B0CQoPfsWFnRvjgy2GyiFMGK
779,rbyrcherlm,jortalm@artisteer.com,$2a$04$7mR526pGtQSsL7uldDVrb.68vYaf19N8FrAfzI0wViJQT8dVlAmdW
780,htrimmeln,lstackln@noaa.gov,$2a$04$Ez9a/u8i7uuBIqtDFi/y5uqD.nLvtnOyGC0TmB703u/X5ngiy3MR2
781,sgotlo,mdellenbachlo@example.com,$2a$04$whZSAec1KsYWZ.4r604oyO.Ls9yREXmpvG554WBc9ciiHfHE9eTV6
782,traperlp,gdurwardlp@typepad.com,$2a$04$nlG6IknSpn1xSGWYfZEc/O4sfTR6LAsKcwVQ1CExHrwVwgbpO3spq
783,nbamblq,mambrodilq@rediff.com,$2a$04$EAmj3LBo9Kp3/HKepcuILOnzNTqTjmsWIpWEuBWX9n9.RU5brtqF.
784,epartonlr,pwanklinlr@wikia.com,$2a$04$yTWr6pdhz5ujAVsDp.5NJOxHs5GLOsyKEGzeOgEEoWJ5qcDvnpJPS
785,kwilshawls,kbonhillls@vinaora.com,$2a$04$igZKooaP5918MxYyT5MZo.HULNGxPV4QjcLP0/GlideFGFAZ4flbi
786,nwrighthamlt,rwildeslt@ucla.edu,$2a$04$d0Wfk4fBjXWfKhTMjGCAPe37Znbyq8PcP.ScjzTJQSIDWGSwwaus.
787,adiamentlu,amabblu@e-recht24.de,$2a$04$4sjjogMqrZf.pyWZaY0Qj.HViH0pM3XxlW1MKIjqsAJ.plzkoq.se
788,aphiliplv,kparrislv@com.com,$2a$04$LgzE55gpaC7ipb4ZE0zjDuXlWyGmHxezJqsYILYn9UHD1kTBURT6u
789,vwinchcomblw,ebeeverlw@prnewswire.com,$2a$04$VAWDoZ7C1z1Czz9cG80t/ezLEwF5eu0WmUk05vD9K3ieKVmMphC/e
790,cisworthlx,bengleylx@dropbox.com,$2a$04$EKmMHFdZwsgnYpAcvSfLt.3T8eqtbiNBnNNrYqDS3NGXLZP7GJbUC
791,ajedrasikly,cpalingly@indiegogo.com,$2a$04$csJSyJWaiP1klbDhgkdIZ./bypv4dbJB6XM.4..ibJWcgBVE7k2qm
792,tbernhardtlz,cbarnsdalllz@mysql.com,$2a$04$GdDWfcH3tWMx8FQzR7YfKOpFCUqcknbjmrPxs9dK4Ih5TYN.ZtmDm
793,yivchenkom0,wbrumwellm0@alexa.com,$2a$04$1duGK6ksZbF9ZKI53ZtWee8rd2ae7B63AC9iWuRUmRNfMa3cQmpV.
794,mseallym1,jmorrellm1@archive.org,$2a$04$PY553ckhMAYWjP1gOnr8euYJ/zqTgtpYeF.15V4CVCQZTJmfXdio2
795,zpeakmanm2,sbucklesm2@gov.uk,$2a$04$motCaXvFc/FvfBppP5I.L.TTXeh3Syrh7DF4hOXaw/JBZsj0nxciy
796,corringm3,marblasterm3@usa.gov,$2a$04$lpHCEsOZb2pDRn.phCXASOkTFajrv5EHxaP2sFzHU5dKu08w5rleq
797,knootm4,gseabonm4@lycos.com,$2a$04$cgG03C1EdQQSqy9xgv.fEuua2Eu8q71/SdrNnshMHcHqIxA6LEkcG
798,oholtawaym5,dlackingtonm5@netvibes.com,$2a$04$am/fFaXGVWVIhnV8b2GKM.9zoYOuLnBpXF5p4dqWUSYboYysVb6Vi
799,cbellowsm6,bfarnesm6@godaddy.com,$2a$04$wNaueEW57bnmh/W75GfHSu9RYdONgZfLeoFPpu1gZjOVqLO6mP.N6
800,caspenlonm7,pbarringerm7@ovh.net,$2a$04$pkMkJs8ut7BfK51uXxxYUuD3NNLNiDMEYmv1wJgAI8HjhF5uA4LCC
801,lkesonm8,thambrickm8@nature.com,$2a$04$TNJpg4LxddG4Dvfr/nkeBOR/032y.566TqjSW6PD7FKm9AGtwojey
802,vgherardescim9,gcunnahm9@guardian.co.uk,$2a$04$JILsSZI7WZHtf2cTayk15ewkdfr0N/csynrW54dOwbTDghdHfmXHK
803,dblackborowma,icapstickma@independent.co.uk,$2a$04$7PYLgopfflzFlFdQ22FczOHK7K/bja8QGwxOv1EL8RB2EUuMFkWge
804,aswinfenmb,pgarrickmb@squidoo.com,$2a$04$LQXu5vziaf6LGmgyEERu4.bs5QrdgC/kAHhAaByrjk6ipl0ayNX3S
805,astapletonmc,cdechellemc@addthis.com,$2a$04$jmmD/x8264aT6Jo11btpR.EOWHrSgz7o0c2mN9oesS5KrFbG2kt3G
806,fkaesmd,mdillawaymd@salon.com,$2a$04$5SNs12BRaZOz71i/ttbZyu5LmsTot6.1/y9Ac/DdiqlFWKbZAu03G
807,cstanningme,anonime@ftc.gov,$2a$04$CSc5H6gHKnG7YAQNOsKGq.cvTKDhd8Bkhki/JRqwi8Vz7q0nXWBEa
808,jyarntonmf,adrinkhallmf@plala.or.jp,$2a$04$BXiam.JuRlFL75sVy0H16uZzqWOaASQbTx5a7VKHNIcAfAO2bniOu
809,rleafemg,cstoreymg@npr.org,$2a$04$/jIN/5plmlx5OTzVjPpUjOb1sQl3bBdfMDLdKtZpdTKc3ZWoJ5Eqe
810,chuttmh,bmckyrrellymh@noaa.gov,$2a$04$XT/.u/7q3XlJH2TrgS3QUurPr4BT9wF81CK1i5Cij/RP.LbbAQgMK
811,ubusfieldmi,dbelleniemi@youku.com,$2a$04$XvtIbkcvVchXQHjSr1HHF.zyOZOfjX6e41ESGXKd5UcImbq3n4.Ti
812,lmouldingmj,ukalberermj@uol.com.br,$2a$04$pF1gfMosuE3CsRKtM/RAQ.llK0E0d7xSz/IZk.CBUeI4Zm814lDCW
813,ecookemk,mcolbeckmk@simplemachines.org,$2a$04$Uw8dVouyQ2DC2B0UBdM7fuK.VDAJTWOgV/5jqr4LqnsXw71HZyEk.
814,cbuddingtonml,icrossleyml@un.org,$2a$04$6Wfg0g2T3xgSEzQK5drKCecM2VpxHDTVTTZJJnNwwjMbtw8gMVwF2
815,bthomblesonmm,aelphickmm@cisco.com,$2a$04$H1nuqXGNP2R861D3e6OHlugP5wPpLp/7aGKdBAi8KB/3cYNvI1AXq
816,gbridgewatermn,rclausenmn@cmu.edu,$2a$04$rQCsIr8PGX723kLa05KtzOL9PUTksoNr52aaQkPUJf4oIGDZHbHiy
817,haxupmo,aheinekenmo@yellowbook.com,$2a$04$Xi3pNqxWLwvJWXo0YDUnR.ryuG468LtgWPp.tHCaYIdR6p2dP5M32
818,pblindtmp,mtinkermp@infoseek.co.jp,$2a$04$ucRntIBhpJm3HgdkU0lXW.GBfS0cRPhxrJxIQJlaH0rrt4oey/fES
819,jromeramq,hcatherickmq@webs.com,$2a$04$PNQgyYGiGtgbAWjbYSZ9cOmZ8gAIv8UzjSJadxy0uGHqQgFX9BLSW
820,gsargeauntmr,cspinleymr@webeden.co.uk,$2a$04$RDzHOUVgBHFEKK4N2E/wXe7TjD4Ca.kEDLpmLSqAUGXvfGXtjNHpC
821,fgaukrogerms,mechellems@slate.com,$2a$04$CXBBGNEaixFirRtD9fDL8e8Zo0LapEzaDzDiaMr4466ryoXkGlxqG
822,bclaragemt,edominickmt@who.int,$2a$04$YXWdGvis4MpYbaT1xYhzueMNZ3YWYK5zeE4iGBhdTqNHEKInhLIci
823,gkainemu,ctorrentmu@tamu.edu,$2a$04$X3RFjmL1lC3V4tORfl824.k5K.FcdvJR/TG0y52r29NGySA2JHLny
824,gmarklinmv,lmurrillmv@admin.ch,$2a$04$VFoEULOa8WMeFtChM2m8Ye0ohB6N7AlLxaGJ5BSLOexUB.GQinGl.
825,proughsedgemw,nbrickmw@usda.gov,$2a$04$lFg.hYxSyEytulYgkusife0GLtbdCJAKcS8okSt16C9ZaWTv.lALq
826,lcoppledikemx,svargamx@apple.com,$2a$04$vPfbKe/Y9ovAG8nCizXGW.aV5jJ21aL2vXJs65EcmAbgp6DHSuai6
827,wpimblettmy,cnaldrettmy@mozilla.com,$2a$04$SregBJLCdT.kEV4CTSGxuuBpMTIjHUmbDzGKjM6YHXWH/u31e.lzm
828,fdopsonmz,zshillammz@sfgate.com,$2a$04$aY1Uv4bdP3XoJzBQTkY5seqUhUbdCg0lny3ntHdF9jcWJWEyJFxUm
829,gmainsn0,sbruyntjesn0@gnu.org,$2a$04$Y5Mo0tacUbszuyVVmvNV8.St9UFbKJU3u9JhC2WiLfVQcflXryNWO
830,cpinchinn1,wmeddn1@meetup.com,$2a$04$S7Aac4nJMBTmUpt.WwnBQ.59o.MKJLBYvP93lYPp.2CEFJ3tLjrja
831,lsacksn2,ccurnickn2@slideshare.net,$2a$04$NS0X537n5FKw/5c7.HjEGOJRcc7rcP1eqLWDOfj9rE.Dg.K.5xgVK
832,mgovern3,cnewlandn3@google.cn,$2a$04$sgFyQmcFPLzzqPh1e4SQpOEiLnUCn.3UB1GKBwXqlhA/vzacE0MmO
833,gmcneillien4,bmacneishn4@baidu.com,$2a$04$ls3NhfMb598htFa2iIqrLuvf7e3VUj3fAgHqGmpCNVZX/RBL9c5lC
834,holeahyn5,vbarochn5@joomla.org,$2a$04$mzDNpm7cxK6zbVzQliAV4.GCgyIsedH.Ygj8uaT3zRNRupz0QGbfm
835,cbrimblecomben6,gmaseykn6@drupal.org,$2a$04$VVM65WkNMONyjqniTipvIOCsgqBw7Gy5RgNOYc5wKgLF4lYuwgHeq
836,hlappingn7,sottewelln7@posterous.com,$2a$04$LodWM4n9CSlITUe6zkr9dejpiXjeq1ThDUYq3urlZNCiS4M/W9DjC
837,qpurselowen8,tquartermann8@php.net,$2a$04$X2/7PmDIZ7GZneKVn/W28uAO1hCB1guOSjUrrpCujzVR82cl8jIcK
838,nsteablern9,rstickelsn9@hhs.gov,$2a$04$0ST2M1mAuIbB9bqlPjMhM.Si6rBPhJ4NmNRX1EPhK7OBBHofp/RmG
839,bratnegena,cscarsbrookna@dagondesign.com,$2a$04$MNmDjfxRmu43fDH5cDDlXOVbX6GpF8h26aNOsrUGJ/bKRvxfB55L2
840,rloblienb,kmelianb@jiathis.com,$2a$04$LMo.CLUeZXFBxZvPAGrd.Od8WdxLs.x8mB1dFkYGvoL.U/mh9h8Z.
841,tdavisonnc,demmettnc@nps.gov,$2a$04$dSoAHeUfIeRdap4NwVIAjufHSfTlQ/obFC7tKSFA1V1J2JhDFs4a2
842,dhorleynd,emoarnd@harvard.edu,$2a$04$TY.ft22oxCjKsI2AZBAU0eKUO6mcd84AI9E46PA5srI3x7UBfaYBC
843,sdiiorione,craymenne@yellowpages.com,$2a$04$pEC5mEuL4q/8mIsIoK3fGuM4CGeZqIfNV2FJId5tNJ3s.yytPlbBq
844,tcorrinnf,mdesimonenf@china.com.cn,$2a$04$g2khawTJqfKfL/BWnnUldup2HDMrfko34EdxM3vaW8P9mcjMfWVPm
845,tgergeng,acarillong@springer.com,$2a$04$xx4WaJjs8yNBi58IIn1MjeOqhBPzoGztWZ5M4s91cqSPm77nhE8rS
846,stempestnh,bdoramnh@foxnews.com,$2a$04$6UIBsNVGEYbdjqbn6d5hFOoh0bfnrfeZENCBilpm6zUsSptOxwBEm
847,egurdenni,dwelfairni@yolasite.com,$2a$04$yNBqam2PyVHMpmM0jAaTUuNpQcR5hCQWiv73qdYwiUG2sqXPLzEL.
848,gbennenj,dboatenj@liveinternet.ru,$2a$04$Vym6J2ZT.dGHr618HPnHiuspowQMxEOAoSVX.ZggxrmjFlWdLdykS
849,jhavelinnk,cdarwoodnk@behance.net,$2a$04$XVwjfXa9E0rf9EcBpsSnEe1endpq6lWl2Tf580j/F9k.VMVbbgR6C
850,mguislernl,mkinforthnl@lulu.com,$2a$04$oFYQI5DwtDH2cLvBI3574OGk8WamPJTScV9nBX7HVDaddEzPrGex.
851,aitshaknm,cgrindlenm@vinaora.com,$2a$04$a57yky2IIzLGwQsL7awkIOo0F2JJEerMpEwjunNbEs6zLV68OO6ym
852,mfarrinnn,mskewisnn@unblog.fr,$2a$04$Jw1yDe0JQ/VA9F.LpyLJCOZx4ByI19e3NjMQllyk3yGtn8/T4P9TW
853,rmeagherno,bmetcalfeno@so-net.ne.jp,$2a$04$byhjWPsczMXZBlM8UTJbIenyZHHEB.EFiHW66Wj50G9V3Rw1Ms8MG
854,jgouldnp,mdancynp@google.de,$2a$04$jYdwCdx91g9xrBQv8jJqleSmX.iekAsRLyZnLoXePEys9HTF0mn62
855,dberniernq,astoltenq@nbcnews.com,$2a$04$jThDQi5Rf78DYiGTx8C5EeUy.c23mPSlZpA2fNSin59w4LQiO4DJW
856,aeskriggnr,dkosiadanr@digg.com,$2a$04$SZXUv51Jkaujh2Zct2hH8.cKZNpZ2Xwb6XPxR2muF2kiTlC7j4DQe
857,rtrinkens,lturnpennyns@loc.gov,$2a$04$1g3Drz5KBvzoG2GnIQmCZO8jciAsKyEzAbryPHrfMh70SQrJXUV4y
858,czaniolettint,krimmernt@vkontakte.ru,$2a$04$j93BteIlg7GY0RmJB.bh8.yUkDfCpLIHTgkyyt8TE0j7DpUarL9eu
859,mmurrienu,deddisnu@biblegateway.com,$2a$04$EmNEAhtQ0BEEZ1hDXED.huTqpwtFXq1UYULJk2oTOgQVvy41prj2y
860,pcawthornnv,qblaxleynv@xinhuanet.com,$2a$04$PgwY0yvoX.nrZvf9Nsjvg..K1lctk3Sqn7MobiTEm/SII9EqYCdqe
861,creignouldnw,jaddeycottnw@nasa.gov,$2a$04$fZTC0xUGowPilh.6akQKnuuNn.tZzwnXY0J6ieu7Nymyv6rx6.lDa
862,slacostenx,wcasalinx@bandcamp.com,$2a$04$8Rk1FFlv8urWfLVk7clx6.HrvekghA3ziZHDEhf1zyazIcKHKRxcS
863,smcdillny,cmccarrickny@privacy.gov.au,$2a$04$cId/i/L726qwHOVwcyaZX..bv8qspY2RfzFDsKr1PDW2cLXSUSjES
864,ckainznz,ltarburnnz@cnbc.com,$2a$04$ZZsw.fYsiz6tfS8RzgG8oO/nmot2SbM9MFtSvB7c99AW9pNZYAwbm
865,agagano0,hbradburyo0@miibeian.gov.cn,$2a$04$pcpuCU9hNe4xTh8zkw/4JOdpGHf7fQC5fHVeRRPBksLT5i23yGheu
866,bhinchshawo1,bkuhleno1@blinklist.com,$2a$04$LtyvltdGcM8rRhnkBRuOVeqOZdm.2Pot4dpNcVk0M14UI5H5NrOHi
867,jdesaveryo2,vmccreatho2@google.cn,$2a$04$HV/9.C2xQfNxSqndtoG89Odh.8sfn4WvlGcibPGoIN4tDLgedV1ge
868,achamneyo3,lpridgeono3@imgur.com,$2a$04$aoCzWAQR1DCaWmp6x5laM.zfzXrrp3U3lDS3K4LZbUdKtn9HN9iP6
869,irueo4,bcammisho4@google.pl,$2a$04$c7T4OmDS3vTOxKpiPElOBut5O29MoNdMwxW5IBPR0WEduvcV4Qhgy
870,gtruesdaleo5,gmycocko5@clickbank.net,$2a$04$oN.GXY.vS6eEw2H7nnt7xul2egrqq9JeRJZTCzXj9URFCmQbKA7IO
871,hhaffordo6,gsheldrakeo6@sina.com.cn,$2a$04$AUSQzNhrDM7/nfZwE5UMh.F1WrjHdVbgWek2j1GkourvFMPsrTmeK
872,hwallswortho7,aperetto7@sourceforge.net,$2a$04$12REkW1tB.wJVxTrlTESqOOf9w9YBbl27R4lhJ11cIN/JLXFz0EJS
873,bbrandtso8,cforbearo8@taobao.com,$2a$04$3rGYMg8VG5WMQHv3kmWaQ.3U5MYuXd7SRZq4Uy3Iz5FA239aJf3gO
874,acammocko9,pocklando9@eepurl.com,$2a$04$MIrFlIdc1wzipiraGWx/B.msQzt3jEjPXWF/jr6EeagAZBJgfxgRq
875,tcalcuttoa,msiderfinoa@yandex.ru,$2a$04$swc2Ugt06YvxifVfOl.3Ru63rNvYw4BDwR9fpkJq4mNnq7qp5AESK
876,kstaleyob,ekemwallob@weebly.com,$2a$04$GXfqY44Yu78d.8MdohEUceb/dGJMbFhKEvRgjZCkWfdS/2OkC2gP.
877,bmewburnoc,vfredeoc@cnn.com,$2a$04$Esym.K4sMCclNana/Kj/6eYJJf9m4ask01TPlmzqc9RxiNUUlMB8m
878,gguillotonod,amillinod@aol.com,$2a$04$yqm7a1JFJX5P8JKhIK831eXMQf.dIlVxW3TjtInOeGeQqL2fRPtm6
879,dgoscaroe,fmarchantoe@aboutads.info,$2a$04$pNN6Sca9upEqdyZ4B1ta8.Gzsy9hDpZsUULh.lln/Ic5l/0xtEkwq
880,kcoundleyof,rjenikof@skype.com,$2a$04$gzIe0ZZSVFZ7Pebx4ch64e5ZkWsL3/ym2MSROdlXdBKg5bCiDk79m
881,bshevlaneog,ccollyog@webnode.com,$2a$04$S14uLuLIlOeRF4i1mDpGT.PKo5Qp9eHdmGpy7rXui4S57rQDrkPlq
882,vedmandsoh,bredolfioh@behance.net,$2a$04$XhTY9p30aV8Jt17AXGbvMuZaplrPnBXoAqUf3L6tH7TgzZHQ1KHAO
883,lcoginoi,clegisteroi@squidoo.com,$2a$04$4XktWQrXD/5pDnn51uKEJuA7r2Jq7meVHv.DWO4vHSIL.NI3uRuYK
884,ivalenciaoj,gwivelloj@mozilla.org,$2a$04$Ca8SmA1TvF.hNlny62NVT.V6.8.Yea7BoJZYgvZGe.GaclwV3JwU.
885,cmacavddyok,vwarykok@europa.eu,$2a$04$4dEpvqGU7HlbnvawKSLNq.stAd8KOfolbDa92ER.PEKoF84wYCq9q
886,bborleaceol,lfebenol@chron.com,$2a$04$7TkIYyvYP5u9twYsEsIa9.w9l2Fw7N6uk4DECC2JNKEXil7Enl7a.
887,garnaudotom,rprenticeom@fda.gov,$2a$04$tLg/PvHyP1VnQmvJiIg3Z.Kp3ofFUzWLmneLIeXj2uisAciLUR.8G
888,dsheldrakeon,carchanbaulton@lycos.com,$2a$04$yC2jd.oHOqpHa2ME7e37huwDf6n8MfvSXrl6mx5RyMvKvSv9XXzBq
889,owhitcombeoo,ryewdelloo@upenn.edu,$2a$04$gtB6G3uhK/k0Y0/SDVAcaeawWQAksJVVkD/YuV2WV2XrZj2xSoKPq
890,bbagotop,gjeanenetop@wikipedia.org,$2a$04$4aT5Pwh/Q2lYaPOo.PwXIuolQJoy4IkUi72ICo9fzwD9.5tEwYhd2
891,ahathwoodoq,cappletonoq@marketwatch.com,$2a$04$4xFrfUFNT8w15pEHuGFKmuqW06Fwl80R6s5bHyo/J67Ghw5ca.SMi
892,juebelor,dboyneor@chron.com,$2a$04$juikOwbmDp7o4Ow1ytxXzuUqgMwjhHNAXMV5vnhOimOtGDBbYJKeq
893,oivanyushinos,pwhealos@yahoo.com,$2a$04$sQebKqQDx7iDyg0u4HOW2OXTNRnrr8KsXq7zenb5hE9dovpZAiao.
894,bfingletonot,nbilstonot@un.org,$2a$04$cDv4nSLm2aXRvZZECmKqeOT6OfzE0EdSTPr10yOXgdHfw.2zj3Ny2
895,csugdenou,mtathamou@fotki.com,$2a$04$F7Dy2AqnfifbZJlsog38.e4EbvkIgLBiHjN27IXffoLNYJJH0o2au
896,bivyov,dpudgeov@sourceforge.net,$2a$04$CR.uZWRKlXbbKCwmEWftBePG1uMBxSPkj.qhr0o0Tl68DH8KNDTkC
897,dbenbrickow,wdurtnelow@businessinsider.com,$2a$04$JP4HMKAx9UGTSARygZZ7m.9jzew46lAm3ns3z4BmXlJu4syHP95ga
898,rhandsheartox,wramsbyox@youku.com,$2a$04$82sDZKn7NApZ9fzKOCklkePGslE9BYeAe4xGLxV90RCuyyKF9pV3C
899,leptonoy,cclewesoy@answers.com,$2a$04$HJP0lHf7pSEhDkpZfTrQK.ogItjE1AqTWE0QBjVA//FEkDBRvUnpq
900,amousleyoz,lodroughtoz@sohu.com,$2a$04$m/jeAkpAe5nLOx7oOtruWuSVynFpbGQRCv1m3kcuyqwPl3b1g0vlW
901,qsimoneschip0,kbarizeretp0@europa.eu,$2a$04$6HyRTu8PaDk.MYepUGS88uwcIMnvmtNB821z0pznV4rJlkinIsRTa
902,aabrahamoffp1,tmillbankp1@dyndns.org,$2a$04$cr.C9vyJQkJeVjgG53n43OnbYVyUO85ZdMjkrF6WHsS7dxT.LaFAK
903,rdomicop2,pcraufordp2@census.gov,$2a$04$tR4py7KuXUnDwPwnV6McZuK1xHkNENkPa1UbamnbFi/A46ABSMVZe
904,llettsomp3,jbywaterp3@unblog.fr,$2a$04$dAw/ybwlfCKYPKKXu99fLOBYZNsE8Q1y1gUDwW6Z.IejSTGMoKCzK
905,astrathernp4,mscutchingp4@nhs.uk,$2a$04$D4QHb.Mv...Qrgi2531Lbue8TfmkEyQT0SOy5ZYvUNdU9hnIYnQ0y
906,wprobatep5,msharmanp5@cbsnews.com,$2a$04$bM9TbNQ3YoF5n0YYuXCvJOF3eGCuJI1RZ0ECGeApd9CWvmaKrGqq.
907,iadkinp6,jmaffeip6@wikimedia.org,$2a$04$q/cgwkx2Uupn5nhirGUkbeG3q0AccUAZxqFw5N4bcG1oSaDf2QbFq
908,dmeekinp7,bgerreltsp7@clickbank.net,$2a$04$pJjb/PjznNBZzqnssk5CfOLCKay7Viv.GR8g.ZYXYrQ0smst/EhSe
909,sdeetchp8,emcowenp8@oracle.com,$2a$04$l6NtvwJV3KDn/o0Q0eCJpu5JnviA5ELya9PvVh93.EyOL2A2NOdye
910,hlittlejohnsp9,kcorahp9@dot.gov,$2a$04$Mh2ykR7YTpqErjQ2aAVDRu0UFemA2bmJ5rIb0PuAr7BB5wk1CenFC
911,jhugginpa,mgabbpa@twitpic.com,$2a$04$KLA2snDqlo3lmfsMlDUY7.CgJpDgNbBCi84grlkxGYOM3X.E6ymqO
912,acaffreypb,clinckpb@sciencedaily.com,$2a$04$tNGRFyIQZzw4cMDdrVs8Me8OZQxeqoNDEkcljUB1H9j.SGEKuGfsa
913,hshepherdsonpc,omorgenpc@bloglovin.com,$2a$04$/wFQyqNn.N6csPL/fG64jud5tcL93rLKcFeiZWiLgzTLoEp.7tCpm
914,pambrogiottipd,mmablestonepd@mtv.com,$2a$04$zJMfbzT..IYUpN657TnWEuRT48xLXqsrLNg9DDlxxdNsQuVEgZDrK
915,zdonawaype,jeickepe@bandcamp.com,$2a$04$Iy8ujVGEJdVpUfbJpaqPUeJyBV/yhlSlhFl0.zdlFql0sz3qE1U0S
916,vrevittpf,cbortolomeipf@yellowbook.com,$2a$04$t.fSb5IWnVbk.77hw0JrReXgZhm4k23bZdEY.uhE9Dy8JEOMCjuPW
917,lbridiepg,ncansdalepg@devhub.com,$2a$04$QpMDM0EZJ4e4.ijds01b...eFHUdMrDNL.Vo8Y7bYS.JGA6dG3XhC
918,mculterph,rdarbyshireph@quantcast.com,$2a$04$CP4UA38EoFS15ukwdBMpM.QHCCRkbXdtmL9fbMm0tgUlsd8hXIUt2
919,dendepi,ecastillepi@nih.gov,$2a$04$SsRRJ4hYyhEd6UqHk16EZeUdVkiW9PEero6o/cMPulB3/Lxb97jCy
920,nlerwillpj,mfrareypj@newsvine.com,$2a$04$B5ZeRaHve.KzL7r5FRUR9eqXEqfBcuKSgwYmum5BAc31mbBFe9akW
921,pkelbypk,lmeasompk@umich.edu,$2a$04$LFj.WyXfOyvZ2uwjd23NkutLW0XWcehOPF7K64U9rqUpGllR2wY1u
922,gingmanpl,kkerblerpl@ucla.edu,$2a$04$H7LSm3fdmTNLDYD70VSIf.DNGT2IstVqeIsVFbFj8qNPujIpDIhau
923,rstairmandpm,hlachaizepm@163.com,$2a$04$NeL2ob4udPX/uFRM.VLuCOW44T9EGseHgkcT9PjXolf1J4cCnGQlK
924,hbirtlespn,lbernlipn@feedburner.com,$2a$04$mgVPVPLFUqg550zIeL/abOUmFTnjLMcTjqZ84QOVm.joOYGLmdxk.
925,lthiesepo,gcaseropo@cnet.com,$2a$04$DgriTWwLOnpcGYhWOil.Lukdz5ITQJiWpi/j9CRz1jkkaCj3ZZhWy
926,bhuntonpp,ahubblepp@hubpages.com,$2a$04$8Frj96ip4kbjYRpU650Niu//eqHlww7504L2K0uUaUO.NK7A14Da.
927,cbeldersonpq,rpassopq@about.com,$2a$04$LieVDcHkQ0Dv3nI5y2tye.BxHMH32ox.EViFqy3MPXuntCqOB1Rh6
928,ableazardpr,rhenighanpr@1und1.de,$2a$04$WQqnmDhcvNc7bFerCFTlmeSiLkdPfyM5XFuupN.9.hXd1mxCwPwYq
929,hvealps,jmabeeps@unesco.org,$2a$04$c0Hy0RaiSlWDa39Xq.8/w.esfoOp9eDK/BRve5BICBttMKji1eZv6
930,jmaysorpt,mheadfordpt@fastcompany.com,$2a$04$oYn7j.HRZzSJql6lcJNZUOmdz1RFPbv1L.0.ccvDkTxeP481eBl6a
931,kyitzhokpu,cpolinpu@va.gov,$2a$04$e.0swWFGa1t3PTxK0EjaMOg50zMA8G.2HwZsQv2f3Y.wG6jPcr20y
932,aganfordpv,fnotleypv@alexa.com,$2a$04$MCBw9Zwdsu2cH4wSB9uJ.O094o/yFCUt284jh7LBs6bsEkpsaZTcK
933,ejacobipw,ddigweedpw@wiley.com,$2a$04$DumQmyoHY8kqTysv5OpvFO9YqcEjpuV73HUb/mXICRcudKnDpfDB6
934,gmitkinpx,mhoffmanpx@csmonitor.com,$2a$04$Qpbct5lH0uRao2MJsNswH.QEiV3dN/RUj7Wp5E/epEJGFjkvAdQu6
935,hmarispy,vorrinpy@hc360.com,$2a$04$paTYbTa0yCC4cJoKlmw/7.dHlwr6CEITuGMYkxskruIC3pgBtIsn2
936,dweinspz,gbarkespz@example.com,$2a$04$C6pEt4EJEjnZ5f0BCQeOQePAqAw0JmiggC72r3o9Y9cS9XU.uFZme
937,dbeverageq0,aciraldoq0@alexa.com,$2a$04$Yx7OGZmWQI9J6ipOncvGiepNvT3eLYUqzzl5Q2.O86ndIgjbyUYuy
938,msiaspinskiq1,mcumesq1@woothemes.com,$2a$04$pgowFD.mCQTFYPw4EdQZhO4/es1.N6a4pU8JE0SRbE4yLud4Btz92
939,fwishamq2,cmcclementsq2@youtu.be,$2a$04$JfReyi5RcNSM9CNv85yZq.SdTqIPGhoqNd/x6fkdyXLnnksaC/8U6
940,membyq3,gblenkinsoppq3@uol.com.br,$2a$04$YIX/sc1agSgpyMhKypWbbeoU6J2A3kytVsUgXdDoNBKfsyBUQKrre
941,zdisneyq4,nmcmeekinq4@discovery.com,$2a$04$YjQughPbhAYQT.6UNTsQ/.E2a2ihKPl7xBlrG1YFcMJaucHqEjqxK
942,hklosserq5,ahalfpennyq5@sciencedirect.com,$2a$04$M6se2dfrO3ZIWW4MKamHGeIbEG.nyJoFDAxqIrZqEvRr4PXZbolWW
943,hmellandq6,hwoolfootq6@hatena.ne.jp,$2a$04$5XQxPp6eeptunhbFKwuhg.FXh0DIFtIDEkiKpU95Ikv1Z3MizwoJe
944,eeasbieq7,jsarfassq7@reverbnation.com,$2a$04$n4TnhlA0rVqZKh4sA85aceq8KtCE0ediv74lgG3x4YiOO52JWevie
945,ibiernackiq8,tbonessq8@biglobe.ne.jp,$2a$04$RCANQdcT2WS0z.MAHsllte3MkLyYMGqfFTxTviCTNXnzHf/pxaOQi
946,wmcdonaghq9,mdoneldq9@hud.gov,$2a$04$7I25RLksb1UM9bY16h1KzO5W8iKcHNpEDcAbMJUKVaPTr0u0A.NKS
947,ndumberrillqa,rmcowisqa@skyrock.com,$2a$04$RQTuZZiQs4IbVmU8bNsVr.wLs4uD57eI8SOuCeF.JqbMhXgBCMagm
948,rdeemqb,hhatchqb@chronoengine.com,$2a$04$zU4K07H/Qu/4oMLPEy.oeOQ2WdduS0/0OyPsF4wrFFSfJUOA23qhe
949,akhoterqc,chartzogqc@un.org,$2a$04$JNwlEyc2eAMv56llwz7KGeRz3NtVkERYRzvxHRokNdlizuYHkEuOC
950,dselkirkqd,jtiemanqd@51.la,$2a$04$195LxM1eCCbKP3.LaBH2KekH67vUyXYnE2ymuvaD2oBK3N6VTsWMG
951,kespinayqe,mdomoneqe@jiathis.com,$2a$04$n4rkS5nQhBsF58EQv7S2R.OWzhSM7vGUlbEQ9sFLrSCTZ.lLzde32
952,pmixterqf,garrolqf@usgs.gov,$2a$04$poVF0TUqCR600CNG8fZCFOd7ijDkPUu9QAjkUFVI2k.jZM8X0kDTm
953,cmccorleyqg,tcarlesqg@hp.com,$2a$04$pTVr5RKYS93LvpJ0Gwf8aObA7KYyj7GxwiIOQjPtpC5R/vhhnmHR2
954,ehillinqh,icalbratheqh@liveinternet.ru,$2a$04$h5kALMFeZUXptjFltx.xP.j6oASx1Gtp7W2irwg6Y83C7jits5rs.
955,gassurqi,caikmanqi@yahoo.com,$2a$04$jGl16LRUr6p.0w4wz9CenufsWaJcaZUisQNZ3M2p5VrPJ9f0mXYqq
956,kbroschekqj,jallomqj@umich.edu,$2a$04$qVTSpINPtvjbSEWl0jBmGuAXK62yWm0PL4FbLP6HcNXCW1j1Gg1C6
957,aelvesqk,dbearneqk@ucoz.ru,$2a$04$8L3eCbGUpMXhLvBA/qzr/OLPVOpz4SCblLqpgFYTZ/2dd8LXj0kyC
958,jcompfortql,mrobertsenql@ebay.com,$2a$04$yznoeuNsLUOGNiMqfu9Z1.MvsdJvc3.guXXaQpUh7cd095alzmQ4u
959,abernierqm,fcourtliffqm@independent.co.uk,$2a$04$/BY5NRUIPE4Ace99ZT9ShePy.Jibw57TPSGJdoUxDdRJQH6/u6Zpm
960,lflipsenqn,lnenoqn@pagesperso-orange.fr,$2a$04$R36NgHsFQbwe6wPGUYlaou0/zmPkctxa0rhdSDJpz/qPwYtxdjdce
961,rutteridgeqo,swoodrooffeqo@unesco.org,$2a$04$xIDUu.rpR3GOwGdV2VCviuXoO52wyr3Hnu6RK8Yu09C5z3Pfn3tfK
962,tvandenhoffqp,sloughneyqp@slate.com,$2a$04$0vAiaePQCQUYeOd2Bq/1x./.kNDn63S1SHODC634p07itdcmoRWSS
963,etunmoreqq,kradageqq@businesswire.com,$2a$04$qlB/o5ZdI9o782ZsvkmZdOKiZ8A7hW4yPnYAuMu9v8zw3dleqdEsO
964,lstribblingqr,alaurandqr@storify.com,$2a$04$0KejCxk5o4jit2RKzLpwqeWrXYH5HbPybeM.KLx0sKpM6o9FZ7rdi
965,jpinkneyqs,hattleqs@about.me,$2a$04$uQRecKTmAC7XY3DcXTg8RuSaiSHoTDumzLSVrV38fCdx9GQvvX.Gq
966,adebruynqt,adykinsqt@marketwatch.com,$2a$04$.mQF/7eS1qxtXxi3bTYfP.Zoi5soCcUMj1OyR7UEr9irgWOVbKbYG
967,rhazelbyqu,mbrynsqu@prweb.com,$2a$04$rgbzU1lxZT7oXm7.Ea5K5eW76nN5xhOxVCtEITtDIXxdeeZrz7.ty
968,mledekkerqv,rsibbitqv@cyberchimps.com,$2a$04$lsyDhXPbL4c19N153QDOXOVr4xCW6njMEWnlTR3TFyuVcj7k.8PjS
969,wtilliardsqw,sloughranqw@livejournal.com,$2a$04$0VBij.f9UAFvF2Tg4QmXbOMqN2f8cJTen2Ik2wVMFKsdDFWY4i8FS
970,ldurrantqx,bmidghallqx@weather.com,$2a$04$dZIaBmzrdhRW6zs.6DJQEemCoQYT0OgiNfLHsx95Utt9KmQicAoJS
971,bbowlesworthqy,floftqy@163.com,$2a$04$x6.bi8kQbdjSnw8.rneBGe2W2Gas/VCwMpT.jU42OYF469e0nNl..
972,ldunphieqz,bgladtbachqz@cornell.edu,$2a$04$jnpv3nl.nreRSa9ai1GI3OdDVoB79PIvAFFDb9Z2p.1ymdNQGppYC
973,jskewesr0,hdutnallr0@hexun.com,$2a$04$iFj3jaKV0atDOkxnK6VBH.icWUI7AUbTaoFEMkg23BgKUYJe8IHWK
974,mbaroschr1,thuier1@weather.com,$2a$04$MUFZARe11DLQCIBi8FiZte9XFBmUbavPYXqjhA.ywaAiPkcmC8IVi
975,djerremsr2,weddingtonr2@usa.gov,$2a$04$CeXp98L.nE9qdxSOFKgUUuky.nDMwGcx1OFSwEusWsJ5uuDX8AyeS
976,bwharrierr3,jbacker3@buzzfeed.com,$2a$04$i/XaVyt9LIflZIrFYte5pObXRzFzEvqWg8Et2nMMTdzsoiYEcyrUG
977,cthewlisr4,hbooijr4@rakuten.co.jp,$2a$04$eZm9B1g4hF.Fy3emsn.L.ekzGL/xQXRRykT1fKgstSYuwHSppT9e.
978,dloxlyr5,ntittertonr5@army.mil,$2a$04$L1T3/2ieyEgQXFYi4I2LmuJDne1TiJO3lpGEBitBfMsQ1yAyY6zS2
979,agowerr6,zbingleyr6@macromedia.com,$2a$04$EHRgz8YQ7NsetHBMcznZ.uISCOfZsrH8B0626yGtNJa/AOPiex4ii
980,flongridger7,dchiswellr7@multiply.com,$2a$04$P8bePK2ZFSahpx51akr2y.7L.j.h/qOCPlOhlgj7.LZLVRdV36Bq6
981,bmildnerr8,hcoverlynr8@sciencedaily.com,$2a$04$KJ3Rs/qoh2QA8dNg.I7za.ijJ92RpbReHV3elYllpyLpRA6u8/vEa
982,acockrillr9,kharkerr9@amazon.com,$2a$04$edAOLaimzJiIrdwtTgR3guVJ0vfi7dpE0yaVjOU1tfhDGgM4RePvK
983,rmollettra,hhaldanera@theglobeandmail.com,$2a$04$GeNtS8K/9P4Y8yAk5G6kFOsruimF1oPLsKeYJ7JE52h54T9RT68Rm
984,cbrittinrb,kkellertrb@joomla.org,$2a$04$MJX944OKGuF0lpVyOcVM4.NetL8Hc08dEa5dCFL1cKW5MY4ptOLDm
985,tjirusrc,vsantacrolerc@mlb.com,$2a$04$NB0p1mzg5l6CDeaSbSQfxe2TRvTIAfb./5Uv6pA8JlxPzU7ztiL6G
986,rtullrd,mrycroftrd@xrea.com,$2a$04$funznkrbVgDC0rpM.e1NXuVkb184xsBhZmm1T2ILf4VcAvYcOUa2y
987,kmembryre,bvallancere@phoca.cz,$2a$04$dAgaOWn6bVW4uKU.97A/KO4m.MlfFQNAnkRixJgS0rEeXvugkPzra
988,athirwellrf,ewhytemanrf@wisc.edu,$2a$04$Qkr6GqAeZ0IYm8nPqiAS9OkytQ3f.2ZOuCh1yhyVgYtvaUFjFJCGm
989,bmckellenrg,emcgeffenrg@tumblr.com,$2a$04$MLqjg11svRvEQnCspgYbE.TEnj450YFVTHhqkYNAQ69p8LQgkxy1S
990,mfebvrerh,hwagnerrh@amazon.de,$2a$04$vPJZlgQocSENrzmoohOy0ev/O4X0EWhSaNSgxFc7GptGNZC08t7cK
991,aharlockri,woiseauri@wikipedia.org,$2a$04$Wzzb/EBmwXcDCMxO6ZfjDeb4aZwl4K9mdE4Da.uNqIDIMixbij7ky
992,galstonrj,kparkinsonrj@usatoday.com,$2a$04$oZLmiXC.7JK2F.F2DQ2sO.SEFHk9Ken8/ZM/sR.JvAwMJPXwsvKG.
993,cbullerwellrk,cmuscroftrk@e-recht24.de,$2a$04$zRwWaove05Eb7Wiywzb4i.sR1o4KllZtmovJzXTuJZ/F4BnwDDbxa
994,adeclercqrl,kfarlamrl@nsw.gov.au,$2a$04$jTtZwb3ouNsO2x7TH7/z.O6H//fhXB2AYbQRMrQHkjvhpYyN2G6PG
995,bgioanrm,gborgarsrm@hatena.ne.jp,$2a$04$araBhQ6YtTQLhhQmNdiEwOzJ6HYHSFTlYELy9U5wq7es54LZFe/46
996,ddukelowrn,rrobeletrn@uiuc.edu,$2a$04$VGmgG4oRdFHqSPgqZyP5xOM0QN7rKtFukXqFKcCbVNzuoxZjWnhLy
997,cfarragherro,ljorissenro@miitbeian.gov.cn,$2a$04$x96fELGY.qQXUEPy3.QGEuY1UjwX/Szr8TShrkIJW5uVzQDqw8FlO
998,cclellerp,smillwaterrp@ovh.net,$2a$04$z/z8KcaOcVo3J19j2xh46uzYKxgX1LECVVRHiXAyMakp0BkohZAOe
999,ccuttinrq,tsammutrq@bing.com,$2a$04$4gUzi4c/EVj0L4C4iXCBXeCvI2lwT0Xm6PsT3ixlJe8fj9FgPRG4a
1000,cgleesonrr,ralsinarr@hud.gov,$2a$04$UMvX.KQNToU8GFz/FywYdeg7IEWxcAPZgQhWsCJ1PKNn.eH1WHB7q
